WKT_GEOM;ID_PISTA;BIDI;CIRCOSCRIZ;DATA_ESECU;DATA_ORDIN;DATA_RILIE;DENOMINAZI;DIREZIONE;DIREZIONE_;LOCALIZZAZ;LUNG_M;MONO;N_ORDINANZ;N_PROTOCOL;PUMS;RIFER_PIAN;RILIEVO_TR;SEGNALETIC;SEMAFORO;SEZIONE_M;STATO_CONS;TRACCIATO
LINESTRING (1398723.585836 4997016.001948,1398916.79114 4997092.377592,1398919.349389 4997102.841153,1399188.434321 4997209.565555,1399251.103688 4997231.545427,1399301.450037 4997248.394054,1399307.812593 4997246.547179,1399329.728107 4997257.286585);56;X;6;;;;CORSO ROMANIA;B;Bidirezionale;LATO SUD DEL CORSO;659;;4450;506;;;;;;3;;INTERZEZIONE VERCELLI/ROMANIA/RACC.TO-MI A4 - CORSO ROMANIA CIV.546
LINESTRING (1396080.696087 4991673.38277,1396196.447503 4991881.583118);172;X;1;;;;VIA SAN FRANCESCO D'ASSISI;B;Bidirezionale;LATO EST CARREGGIATA;238;;2673;287 P;;;;X;X;3;;DA VIA BERTOLA A VIA GARIBALDI
LINESTRING (1397357.473051 4991899.892152,1397374.506538 4991934.792676);171;X;7;;;;VIA BORRELLI;B;Bidirezionale;TORINO EST;39;;0;;;;;;;3;;DA CORSO REGINA MARGHERITA A LUNGO DORA SIENA
LINESTRING (1392255.590619 4993400.674519,1392304.150031 4993452.232483);169;X;4;;;;PASSERELLA PELLERINA;B;Bidirezionale;SULLA PASSERELLA;71;;7069;557 P;;;;;;3;;COLLEGAMENTO C.SO APPIO C. CON PARCP M. CARRARA
LINESTRING (1392093.508851 4990575.364268,1392076.757658 4990580.730856,1392051.287695 4990571.765632,1392049.828201 4990571.328294,1392031.224086 4990575.976967,1392021.368317 4990604.311514,1391997.978605 4990670.683897,1391943.74283 4990825.750242,1391937.219136 4990843.137793,1391877.056198 4991013.390937,1391865.91311 4991037.752806,1391862.911584 4991050.811571,1391863.970949 4991056.105671,1391866.795906 4991061.752675,1391865.91311 4991067.223261,1391859.027261 4991085.223153,1391851.764608 4991087.989894,1391848.233427 4991093.636932,1391818.218101 4991180.812962,1391779.156109 4991290.383702,1391765.006987 4991332.839239,1391745.761889 4991386.13311,1391707.227692 4991495.705745,1391672.938452 4991590.43263,1391666.739334 4991605.707413,1391665.503398 4991615.060314,1391656.674091 4991651.132989,1391649.258531 4991682.368132,1391639.547725 4991736.191358,1391632.834446 4991819.608762,1391633.375425 4991825.680869,1391636.730093 4991831.857331,1391638.848768 4991836.798493,1391640.614415 4991865.915976,1391641.209 4991870.717,1391644.948349 4991888.871954,1391650.12634 4991945.476602,1391660.158579 4992009.844191,1391673.750695 4992065.80193,1391700.009003 4992141.026912,1391701.950721 4992145.878746,1391719.426273 4992135.851641,1391724.927868 4992134.557824,1391741.756212 4992137.792368,1391760.202622 4992166.903337,1391765.084265 4992179.926983,1391765.407916 4992216.477422,1391752.786658 4992218.418148,1391723.731648 4992217.31343);36;X;3;;20061130000000;;CORSO BRUNELLESCHI;B;Bidirezionale;BANCHINA CENTRALE DEL CORSO;1886;;420;42 P;;15-V;;;;3;;DA CORSO FRANCIA A CORSO MONTE CUCCO
LINESTRING (1391655.285172 4992202.25196,1391702.152204 4992204.614324,1391705.580752 4992215.902403,1391723.731648 4992217.31343);46;X;4;;20061130000000;;CORSO FRANCIA;B;Bidirezionale;LATO NORD BANCHINA NORD;77;;468;60 P;;31-V;;;;3;;DA CORSO TELESIO PER UN TRATTO 25 mt.
LINESTRING (1392320.597709 4993361.046905,1392313.953023 4993341.518782,1392306.301585 4993344.337288,1392285.159369 4993337.895019,1392276.435792 4993330.248026,1392216.18585 4993198.759817,1392183.163745 4993199.363761,1392135.77841 4993093.434705,1392120.300447 4993056.980901,1392113.360849 4993041.636778,1392107.557183 4993038.897573,1392103.204448 4993035.191606,1392093.346256 4993018.383865,1391969.158031 4992746.875161,1391960.926607 4992726.590737,1391891.671705 4992578.71097,1391886.634097 4992561.968364,1391887.020084 4992547.130471,1391840.16539 4992444.90422,1391835.652141 4992437.735149,1391828.708769 4992429.474318,1391823.631442 4992417.874933,1391810.808175 4992391.020925,1391807.100874 4992388.040512,1391802.330545 4992383.654069,1391797.494973 4992377.612703,1391778.70533 4992336.483587,1391778.141195 4992330.603302,1391773.54738 4992321.339901,1391763.217339 4992299.364023,1391739.993831 4992247.759435,1391734.916503 4992243.812432,1391723.5529 4992220.694133,1391723.731648 4992217.31343);47;X;4;;20061130000000;;CORSO TELESIO;B;Bidirezionale;BANCHINA CENTRALE LATO OVEST;1331;;467;59 P;;;;;;3;;DA CORSO FRANCIA A CORSO APPIO CLAUDIO
LINESTRING (1392110.329587 4989172.678747,1392077.390077 4989175.971017,1392076.292053 4989163.167797,1392068.606165 4989163.533624,1392065.678225 4989168.654891,1392031.274744 4989171.581335);168;X;2;;;;VIA GIACOMO BALLA;B;Bidirezionale;MARCIAPIEDE NORD DEL TRATTO;94;;4599;519 P;;;;;;3;;DA VIA GUIDO RENI VERSO OVEST PER 50 METRI
LINESTRING (1394522.035605 4989274.523706,1394537.970409 4989261.270378,1394597.184254 4989334.283123,1394627.786589 4989370.819795,1394644.112262 4989363.876331,1394651.754095 4989371.166951,1394665.474598 4989382.450058,1394677.458381 4989416.646569,1394680.959383 4989426.492602,1394684.432944 4989429.617159,1394692.943167 4989428.228458,1394697.458734 4989436.387008,1394706.316313 4989447.149379,1394694.506269 4989450.621092,1394697.979768 4989456.52305,1394754.293769 4989524.825732,1394759.851465 4989529.512567,1394761.067211 4989531.248424,1394774.440358 4989527.77671,1394781.908513 4989523.784225,1394795.107981 4989547.565559,1394793.371201 4989552.946708,1394797.926834 4989558.753317,1394839.783115 4989609.614084,1394834.225418 4989617.599054,1394831.099214 4989618.814176,1394897.495443 4989699.962721,1394937.177516 4989749.046841,1394947.771875 4989739.67317,1394966.722111 4989763.660774,1394957.690854 4989772.166479,1394971.237739 4989789.525121,1395043.007803 4989877.276858,1395056.591704 4989893.334012,1395093.932357 4989940.375909,1395103.692049 4989955.408343,1395121.754502 4989990.81994,1395127.659555 4990001.75589,1395158.431299 4990060.381074,1395164.51003 4990071.66418,1395202.241519 4990144.490722,1395208.320189 4990154.037971,1395212.662139 4990155.773828,1395216.309378 4990156.641793,1395220.47765 4990156.815372,1395227.598388 4990154.9059,1395234.719187 4990148.309629,1395247.223943 4990159.939929,1395253.302674 4990170.528685,1395255.734166 4990181.985369,1395254.344742 4990198.302504,1395250.688112 4990208.624837,1395244.088347 4990214.873951,1395240.441109 4990217.651351,1395304.933954 4990339.469978,1395331.215377 4990390.46611,1395335.557328 4990392.896317,1395336.946752 4990396.194452,1395336.599396 4990399.839744,1395360.740519 4990445.492977,1395368.764285 4990461.896367,1395407.890747 4990536.660912,1395412.753732 4990545.861004,1395425.258488 4990569.642339,1395428.384692 4990570.163074,1395430.121473 4990574.155559,1395429.253083 4990576.932959,1395454.78369 4990625.189941,1395459.323712 4990633.96866,1395500.017362 4990710.434088,1395480.08537 4990720.477296);164;;1;;;;CORSO RE UMBERTO;M;Monodirezionale;BANCHINA EST DEL CORSO DIREZIONE DA SUD VERSO NORD;1929;X;0;;;;;;;2;;DA PIAZZALE COSTANTINO IL GRANDE A CORSO MATTEOTTI
LINESTRING (1392944.726679 4987294.955334,1392954.756575 4987313.690925,1392992.94419 4987386.295222,1393024.435766 4987447.390712,1393055.179631 4987505.350378,1393063.773739 4987522.275554,1393111.707188 4987612.95773,1393147.416665 4987682.529433);165;;2;;;;CORSO AGNELLI;M;Monodirezionale;MARCIAPIEDE EST DEL CORSO;437;X;4111;673 P;;;;;;2;;DA CORSO TAZZOLI DA CORSO COSENZA
LINESTRING (1393160.552273 4987705.897941,1393246.588191 4987631.531161,1393261.458417 4987619.385035,1393384.442369 4987513.943113);167;X;2;;20061207000000;;CORSO COSENZA;B;Bidirezionale;LUNGO BANCHINA CENTRALE;295;;5142;685 P;;;;;;3;;DA CORSO AGNELLI A CORSO UNIONE SOVIETICA
LINESTRING (1393541.448333 4988429.417306,1393530.304787 4988407.523387,1393517.279979 4988414.651652,1393164.045856 4987738.468178,1393174.763074 4987731.327713,1393149.307 4987684.849);29;X;2;;;;CORSO AGNELLI;B;Bidirezionale;SUL MARCIAPIEDE OVEST LATO EST;868;;3647;;;20-V;;;;3;;DA C.SO COSENZA A VIA FILADELFIA
LINESTRING (1392944.726679 4987294.955334,1392940.793061 4987296.835542,1392936.272856 4987300.304302,1392983.755469 4987390.665637,1393038.81607 4987496.088644,1393067.530793 4987550.18308,1393098.869451 4987609.561014,1393105.553434 4987622.745113,1393140.068785 4987688.401554,1393149.215291 4987683.1279);28;;2;;20040107000000;;CORSO AGNELLI;M;Monodirezionale;MARCIAPIEDE OVEST SUL LATO EST;459;X;4111;673 P;;20-V;;;;2;;DA CORSO COSENZA A CORSO TAZZOLI
LINESTRING (1392602.164823 4986664.22409,1392603.173635 4986665.673371,1392610.739785 4986666.807614,1392612.316075 4986667.626783,1392613.829312 4986669.076099,1392616.802018 4986675.033308,1392635.023844 4986710.320672,1392643.60917 4986726.686375,1392662.219787 4986762.697341,1392691.246032 4986816.372875,1392698.854109 4986825.076858,1392704.860487 4986834.781263,1392707.891532 4986848.564708,1392709.793524 4986851.66611,1392727.712572 4986886.582003,1392752.866274 4986934.008953,1392768.582965 4986964.222691,1392780.822093 4986987.305527,1392824.994492 4987071.126306,1392852.254749 4987123.456071,1392859.385177 4987136.22401,1392879.005974 4987173.841144,1392903.962167 4987221.560242,1392907.666101 4987223.160995,1392922.481803 4987250.87359,1392929.009988 4987265.241825,1392944.726679 4987294.955334);166;X;10;;;;CORSO AGNELLI;B;Bidirezionale;MARCIAPIEDE EST DEL CORSO;723;;0;;;;;;;3;;DA AGNELLI CIV.210 A CORSO TAZZOLI
LINESTRING (1395825.80159 4991340.142927,1395749.540081 4991188.403345,1395732.259155 4991196.290792);162;;1;;20061130000000;;CORSO RE UMBERTO;M;Monodirezionale;BANCHINA EST DEL CORSO DIREZIONE DA SUD VERSO NORD;189;X;3644;484 P;;;;;;2;;DA CORSO MATTEOTTI - A PROLUNGAMENTO ARCIVESCOVADO
LINESTRING (1395485.104341 4990766.685228,1395466.460131 4990728.5574,1395479.454569 4990720.649381,1395440.471215 4990644.111293,1395418.079437 4990602.1343,1395411.017213 4990589.142591,1395406.214929 4990586.600729,1395405.084959 4990582.92917,1395405.084959 4990577.845446,1395394.067939 4990556.098454,1395347.689166 4990467.286456,1395340.062017 4990454.012314,1395320.466869 4990415.389264,1395315.947068 4990413.129835,1395313.96965 4990410.023107,1395314.252132 4990404.656984,1395290.240634 4990358.621137,1395283.743415 4990345.629429,1395220.689575 4990227.424107,1395208.825067 4990230.813268,1395190.180858 4990223.752548,1395170.689201 4990189.013847,1395176.321406 4990162.405707,1395179.711236 4990155.909852,1395181.123689 4990150.826163,1395096.030455 4989989.671391,1395090.507056 4989980.156888,1395032.032004 4989900.794471,1394980.901659 4989837.530525,1394940.894788 4989787.313389,1394930.160251 4989794.938975,1394900.781463 4989757.658412,1394905.583787 4989752.009822,1394883.832189 4989725.17914,1394885.527125 4989719.812983,1394837.147729 4989660.36612,1394834.322863 4989658.106691,1394830.368027 4989655.847262,1394812.006301 4989633.252971,1394800.458029 4989616.167983,1394763.904072 4989572.219783,1394743.917757 4989578.620287,1394740.0142 4989574.093124,1394732.675457 4989574.873674,1394723.30688 4989550.676586,1394738.452778 4989540.373332,1394733.612319 4989534.597275,1394669.836187 4989456.783759,1394655.908701 4989459.707505,1394649.97527 4989452.682554,1394638.889121 4989433.793214,1394627.959081 4989434.261558,1394613.558559 4989415.465879,1394607.468978 4989397.981536,1394593.994324 4989387.009313,1394604.768173 4989377.954918,1394573.638911 4989338.218883,1394530.699585 4989285.922026,1394522.391768 4989274.607099);163;;1;;;;CORSO RE UMBERTO;M;Monodirezionale;BANCHINA OVEST DEL CORSO DIREZIONE NORD VERSO SUD;1916;X;0;;;;;;;2;;DA CORSO MATTEOTTI A PIAZZALE COSTANTINO IL GRANDE
LINESTRING (1395696.368746 4991162.754222,1395710.859007 4991154.980597,1395638.700086 4991019.401238,1395625.140643 4991024.20253,1395615.818558 4991014.88238,1395599.091076 4990983.685773,1395613.215484 4990975.495355,1395604.740807 4990957.984788,1395599.373558 4990951.206501,1395584.388436 4990921.979481,1395584.670919 4990917.460623,1395533.213344 4990821.081344,1395503.219529 4990762.201277,1395497.287275 4990761.353978,1395485.140285 4990766.720135);5;X;1;;;;CORSO RE UMBERTO;B;Bidirezionale;BANCHINA OVEST DEL CORSO DIREZIONE NORD VERSO SUD;509;;5086;569;;;;;;3;;DA CORSO MATTEOTTI A CORSO STATI UNITI
LINESTRING (1393451.283518 4996280.210299,1393455.323124 4996286.51505,1393456.230131 4996291.576783,1393484.759031 4996289.05533,1393489.014753 4996303.868994);161;X;5;;20041007000000;;ATTRAVERSAMENTO STRADA ALTESSANO;B;Bidirezionale;TORINO NORD;57;;0;0;X;4-V;;X;X;3;;INCROCIO
LINESTRING (1392702.21391 4995977.806264,1392853.910245 4996320.454932,1392852.141349 4996334.943774,1392844.875455 4996352.868039,1392875.761697 4996349.194968);160;X;5;;20041007000000;;GRANDE TORINO;B;Bidirezionale;LATO OVEST DEL CORSO;440;;0;0;X;4-V;;X;X;3;;DA DRUENTO A GROSSETO
LINESTRING (1393447.056999 4996182.858514,1393449.656983 4996218.020385,1393451.682271 4996256.672418,1393453.029442 4996276.377518,1393451.497574 4996279.41622);158;X;5;;20041007000000;;STRADA ALTESSANO;B;Bidirezionale;LATO OVEST DELLA STRADA;97;;0;0;X;4-V;;X;X;3;;DA DRUENTO A mt. 100 DELLA STRADA
LINESTRING (1393450.905006 4996279.753901,1392906.534164 4996342.942471,1392900.7064 4996341.598213,1392894.891511 4996346.318002,1392875.866665 4996349.078879);159;X;5;;20041007000000;;VIA DRUENTO;B;Bidirezionale;MARCIAPIEDE LATO SUD DELLA VIA;581;;0;0;X;4-V;;X;X;3;;DA STRADA ALTESSANO A GRANDE TORINO
LINESTRING (1398935.578388 4994249.488892,1398845.185129 4994309.490869,1398706.965539 4994402.678988,1398694.958805 4994410.050655,1398537.407029 4994515.964183,1398432.652477 4994587.561563,1398420.421642 4994600.682398,1398399.838771 4994620.397335,1398381.142577 4994634.62637,1398373.767088 4994633.940638,1398343.407303 4994654.341308,1398299.766214 4994680.489308,1398289.131732 4994688.203842,1398285.358185 4994695.404076,1398268.548796 4994696.946975,1398248.652019 4994709.804545,1398117.0156 4994797.654083,1398020.479088 4994863.449269,1397891.751396 4994949.938049,1397883.175195 4994958.338316,1397877.686382 4994959.366915,1397784.616652 4995021.910301,1397783.234302 4995026.581514,1397778.207421 4995056.963018);57;;6;;;;CORSO TARANTO;M;Monodirezionale;BANCHINA CENTRALE LATO SUD;1428;X;4607;509 P;X;3-V;;;;2;;DA PIAZZA DERNA A PIAZZA SOFIA
LINESTRING (1397324.982567 4995284.472612,1397336.191301 4995283.67235,1397392.635261 4995259.464546,1397406.846353 4995261.265142,1397414.852586 4995266.066674,1397437.771144 4995260.48728);59;X;6;;;;PIAZZA REBAUDENGO;B;Bidirezionale;AREE ATTREZZATE CENTRO PIAZZA;120;;4697;521 P;;2-V;;;;3;;ATTRAVERSAMENTO PIAZZA
LINESTRING (1394155.376081 4989743.037387,1394161.732494 4989760.355972,1394165.135063 4989770.403905,1394185.240535 4989763.107501,1394194.455576 4989780.929795,1394202.473788 4989772.796154,1394224.885594 4989752.086654,1394230.989037 4989761.775308,1394268.590445 4989825.959521,1394291.235156 4989868.860107,1394294.466379 4989883.931302,1394303.35297 4989908.894941,1395038.147817 4991309.945958);11;X;1;;;;CORSO DUCA DEGLI ABRUZZI;B;Bidirezionale;LATO EST DEL CORSO;1871;;2625;287 P;;13-V;;;;3;;CORSO ROSSELLI/CORSO VITTORIO EMANUELE II
LINESTRING (1394847.716814 4991638.966923,1395070.730562 4992073.236287);156;X;3;;;;CORSO INGHILTERRA;B;Bidirezionale;LATO OVEST DELLA BANCHIA EST;488;;0;;;;;;;3;;DA VIA CERNAIA  A C.SO VITTORIO EMANUELE II
LINESTRING (1391786.749449 4987808.617894,1392864.557952 4987270.562425);157;X;10;;20081206000000;;COSRO TAZZOLI;B;Bidirezionale;BANCHINA CENTRALE;1205;;0;;;;;;;3;;DA PIAZZA CATTANEO A CORSO AGNELLI
LINESTRING (1396073.272832 4991674.75224,1395286.297528 4992078.174436);1;X;1;;;;VIA BERTOLA;B;Bidirezionale;LATO NORD DELLA CARREGGIATA;884;;1768;249 P;X;10-V;;X;X;3;;VIA SAN FRANCESCO D'ASSISI / PIAZZA XVIII DICEMBRE
LINESTRING (1395038.147817 4991309.945958,1395361.966495 4991927.849288);2;X;1;;;;CORSO VINZAGLIO;B;Bidirezionale;LATO OVEST DELLA BANCHIA EST;698;;2626;;;13-V;;;;3;;VIA CERNAIA - C.SO VITTORIO EMANUELE II
LINESTRING (1395128.658917 4991481.775209,1395708.591804 4991184.271815);3;X;1;;;;CORSO  MATTEOTTI;B;Bidirezionale;LATO SUD DELLA CARREGGIATA SUD;652;;3610;477 P;X;14-V;;X;;3;;CORSO VINZAGLIO - CORSO RE UMBERTO
LINESTRING (1394885.486841 4988866.394945,1395027.663571 4988744.419795,1395028.845576 4988731.89673);20;X;1;;;;CORSO BRAMANTE;B;Bidirezionale;MARCIAPIEDE NORD TRA VIA Z. ZINI E VIA G. BRUNO;200;;1165;127 P;;23-V;;;;3;;DA VIA G. BRUNO A VIA ZINI
LINESTRING (1394701.119756 4991169.932072,1395485.589936 4990765.668674);6;X;1;;;;CORSO STATI UNITI;B;Bidirezionale;BANCHINA NORD DEL CORSO;883;;1444;183 P;;84-V;;;;3;;CORSO CASTELFIDARDO/CORSO RE UMBERTO
LINESTRING (1397164.072123 4991083.322468,1396629.736764 4991378.433879);7;;1;;20081001000000;;VIA PRINCIPE AMEDEO;M;Monodirezionale;LATO SUD DELLA CARREGGIATA FINO A A.ALBERTINA E LATO NORD FINO A P.ZA C.ALBERTO;610;X;3742;495 P;;102-V;;;;2;;DA PIAZZA VITTORIO VENETO A PIAZZA CARLO ALBERTO
LINESTRING (1396221.880106 4991130.098052,1396667.342437 4990895.722395);8;;1;;20081001000000;;VIA CAVOUR;M;Monodirezionale;LATO NORD DELLA CARREGGIATA;503;X;4053;519 P;;103-V;;;;2;;DA VIA LAGRANGE A VIA ACCADEMIA ALB.
LINESTRING (1396221.880106 4991130.098052,1395808.896333 4991348.030408);9;;1;;20081001000000;;VIA ARCIVESCOVADO;M;Monodirezionale;LATO SUD DELLA CARREGGIATA;467;X;4055;521 P;;103-V;;;;2;;DA PIAZZA SOLFERINO A VIA LAGRANGE
LINESTRING (1396841.975764 4992069.855507,1396832.313891 4992057.066579,1396829.04105 4992045.491404,1396826.232169 4992030.392242,1396824.903679 4992015.815785,1396826.64267 4992004.223948,1396829.112765 4991991.729697,1396833.093705 4991980.638095,1396840.623028 4991966.439687,1396850.621643 4991951.823012,1396888.833876 4991894.778243,1396897.399934 4991876.741319,1396901.437618 4991858.323792,1396897.902527 4991837.924669,1396892.774942 4991820.993291,1396877.918297 4991799.487983,1396831.299503 4991766.624357,1396797.373183 4991759.308135,1396756.927911 4991757.965941,1396740.740804 4991756.413974,1396726.32767 4991752.86675,1396720.340668 4991744.663691);12;X;1;;;;VIALE PRIMO MAGGIO;B;Bidirezionale;LATO OVEST DELLA VIA;474;;4085;435 P;;9-V;;;;3;;DA CORSO REGINA MARGHERITA A PIAZZA CASTELLO
LINESTRING (1396447.570571 4991582.721881,1396397.776597 4991603.865934);13;;1;;;;VIA MONTE DI PIET·;M;Monodirezionale;LUNGO LATO NORD DA EST VERSO OVEST;54;X;1304;246 P;;;;;;2;;DA VIA ROMA A VIA VIOTTI ESCLUSA
LINESTRING (1396798.38548 4991564.877789,1396977.510868 4991463.50391);14;;1;;;;VIA VERDI;M;Monodirezionale;LATO NORD DEL MARCIAPIEDE SUD DA OVEST VERSO EST;206;X;4033;711 P;;;;;;2;;DA VIA VIRGINIO A VIA ROSSINI
LINESTRING (1396977.510868 4991463.50391,1397087.293351 4991401.702135);15;;1;;;;VIA VERDI;M;Monodirezionale;LATO SUD DELLA VIA DA OVEST VERSO EST;126;X;4488;588;;;;;;2;;DA  VIA ROSSINI A VIA MONTEBELLO
LINESTRING (1394099.306517 4989775.294963,1394099.164881 4989803.010885,1394084.684365 4989860.624827,1394076.614851 4989943.969242,1394076.614851 4989999.532185,1394085.816967 4990055.25993,1394098.216552 4990126.539135,1394132.868311 4990107.401856);16;X;1;;;;CORSO MEDITERRANEO;B;Bidirezionale;LATO OVEST DEL MARCIAPIEDE OVEST;395;;1930;387 P;;;;;;3;;DA BRETELLA TRA C.SO LIONE E C.SO MEDITERRANEO A LARGO ORBASSANO
LINESTRING (1395428.763846 4989946.512482,1395528.639179 4990069.525351,1395666.531534 4990329.720082,1395847.760658 4990681.384254);17;X;1;;20071206000000;;VIA SACCHI;B;Bidirezionale;LATO EST DELLA VIA;849;;2996;330 P;;62-V;;;;3;;DA CORSO SOMMEILLER A FRONTE VIA ASSIETTA
LINESTRING (1394046.169915 4988531.365939,1394386.983687 4989204.533847);21;X;2;;;;CORSO GALILEO FERRARIS;B;Bidirezionale;BANCHINA OVEST DEL CORSO;755;;3895;534 P;;65-V;;;;3;;DA CORSO SEBASTOPOLI A CORSO MONTE LUNGO
LINESTRING (1394033.835896 4989347.592462,1394375.42315 4989178.355913);22;X;2;;;;CORSO MONTE LUNGO;B;Bidirezionale;LATO SUD DEL CORSO;381;;3897;536 P;;65-V;;;;3;;DA CORSO IV NOVEMBRE A CORSO GALILEO FERRARIS
LINESTRING (1392983.549464 4988705.286763,1393097.445014 4988790.012351);25;X;2;;;;CORSO ORBASSANO;B;Bidirezionale;LATO NORD/OVEST DEL CORSO;142;;5054;561 P;;;;;;3;;DA VIA GRADISCA A VIA FILADELFIA
LINESTRING (1393097.445014 4988790.012351,1393147.817491 4988972.447879);26;X;2;;;;VIA GRADISCA;B;Bidirezionale;MARCIAPIEDE OVEST;189;;5053;560 P;;;;;;3;;DA CORSO SEBASTOPOLI A CORSO ORBASSANO
LINESTRING (1392163.26226 4989883.064759,1392391.928882 4990048.619379);27;X;2;;20061130000000;;VIA ARBE;B;Bidirezionale;MARCIAPIEDE SUD DELLA VIA;282;;427;49 P;;19-V;;;;0;;DA VIA TIRRENO A VIA GUIDO RENI
LINESTRING (1393611.694 4989949.704,1393617.052882 4989960.366601,1393628.224057 4989956.644816,1393632.479791 4989956.113127,1393634.341675 4989957.708155,1393634.873642 4989961.96163,1393633.05131 4989966.75328,1393657.163882 4989977.556699,1393667.474057 4989980.049768,1393683.438241 4989977.224266,1393692.085518 4989972.071891,1393701.065388 4989966.587083,1393705.721554 4989959.273993,1393707.852 4989952.094,1393708.194321 4989944.148463,1393707.429515 4989939.942857,1393722.718471 4989912.800664,1394037.396586 4989801.086371,1394039.781914 4989795.232504,1394043.555824 4989794.205415,1394051.792037 4989790.693111,1394062.468454 4989786.630907,1394070.11932 4989783.366891,1394075.833706 4989781.541171,1394080.404469 4989780.07857,1394090.434205 4989776.556764,1394099.441145 4989775.306494);39;X;3;;20041007000000;;CORSO ROSSELLI;B;Bidirezionale;BANCHINA CENTRALE DELLA VIA;577;;272;30 P;;35-V;;;;3;;DA PIAZZA MARMOLADA A C.SO ORBASSANO
LINESTRING (1391344.279447 4989533.426809,1391575.337179 4989514.887796,1391627.385 4989511.115,1391628.230407 4989531.356641,1392115.872091 4989489.422838);30;X;2;;20071206000000;;CORSO ALLAMANO;B;Bidirezionale;SULLA BANCHINA CENTRALE E LATO SUD DEL CORSO;794;;4540;616 P;;41-V;;;;3;;DA STRADA DEL BAROCCHIO A VIA GUIDO RENI
LINESTRING (1393260.74363 4988917.692711,1392115.872091 4989489.422838);31;X;2;;;;CORSO SEBASTOPOLI;B;Bidirezionale;SULLA BANCHINA CENTRALE DEL CORSO;1280;;4577;503 P;;41-V;;;;3;;DA VIA GUIDO RENI A CORSO ORBASSANO
LINESTRING (1392391.928882 4990048.619379,1392507.416572 4990015.131751);32;X;2;;;;VIA TIRRENO;B;Bidirezionale;LATO SUD DELLA VIA;120;;429;51 P;;63-V;;;;3;;DA CORSO SIRACUSA A VIA ARBE
LINESTRING (1392282.773603 4989066.987536,1392309.970623 4989518.910343);33;X;2;;;;VIA CASTELGOMBERTO;B;Bidirezionale;LATO OVEST DELLA VIA;453;;275;28 P;;19-V;;;;3;;DA VIA TANCREDI POZZI A VIA FILADELFIA
LINESTRING (1392493.140541 4988245.21518,1392960.584998 4987844.807882);35;;2;;20081206000000;;CORSO COSENZA;M;Monodirezionale;LATO SUD/OVEST DEL CORSO;615;X;5142;685 P;;42-V;;;;2;;DA PIAZZA PITAGORA A VIA TRIPOLI
LINESTRING (1392083.570688 4993639.744642,1392098.775731 4993584.259141,1392169.259521 4993474.985819,1392250.253143 4993406.939881,1392268.575051 4993381.964242,1392303.489191 4993367.362426,1392355.085617 4993352.414136,1392400.69986 4993347.18226,1392476.225074 4993348.677072,1392620.518958 4993354.528721,1392630.901374 4993450.720261);48;X;4;;20061130000000;;CORSO APPIO CLAUDIO;B;Bidirezionale;LATO NORD PER 350 mt.;779;;73;1 P;;57-V;;;;3;;MARCIAPIEDE NORD
LINESTRING (1392093.046031 4990576.603546,1392106.348162 4990613.60115,1392637.223921 4992235.301921);37;X;3;;20061130000000;;CORSO MONTE CUCCO;B;Bidirezionale;TORINO OVEST;1746;;421;43 P;;16-V;;X;;3;;DA CORSO BRUNELLISCHI A CORSO FRANCIA
LINESTRING (1392505.964846 4990015.776142,1392523.22642 4990287.057743);38;;3;;;;CORSO TRAPANI;;;LATO PERIMETRALE EST DI PARCO RUFFINI;272;;431;53 P;;18-V;;X;X;3;;VIA TIRRENO - CORSO ROSSELLI
LINESTRING (1392523.22642 4990287.057743,1392548.355113 4990284.903161,1392575.819504 4990283.331266,1392574.629926 4990292.050328,1392690.812702 4990252.021981,1392720.552159 4990229.431086,1392738.792577 4990249.247748,1392960.606699 4990173.074425,1393112.337781 4990120.622504,1393289.022368 4990057.947701,1393371.338768 4990031.308534,1393378.837248 4990025.312866,1393388.926169 4990022.860124,1393411.966975 4990017.409509,1393612.30402 4989948.364635,1393608.901581 4989935.21965,1393621.767437 4989931.078563,1393625.038405 4989926.937476,1393627.873274 4989923.668209,1393628.309373 4989912.552717,1393630.27198 4989907.103938,1393635.069392 4989906.450093,1393642.701737 4989908.193694,1393645.972705 4989906.886003,1393651.932119 4989904.4113);40;;3;;20041007000000;;CORSO ROSSELLI;;;BANCHINA CENTRALE DELLA VIA;1248;;407;57 P;;35-V;;;;0;;CORSO TRAPANI/PIAZZA MARMOLADA
LINESTRING (1394049.771922 4991813.942314,1394071.199941 4991776.430382,1394095.98643 4991742.453916,1394134.936729 4991724.757827,1394179.71633 4991739.790752);41;X;3;;;;PIAZZA ADRIANO;B;Bidirezionale;LATO SUD DELLA PIAZZA;175;;423;45 P;;;;;;3;;PIAZZA ADRIANO
LINESTRING (1394179.71633 4991739.790752,1394800.504406 4991419.935482);42;X;3;;;;CORSO VITTORIO EMANUELE II;B;Bidirezionale;BANCHINA CENTRALE LATO SUD;698;;910;100 P;;32-V;;;;3;;DA CORSO FERRUCCI A CORSO CASTELFIDARDO
LINESTRING (1393702.458414 4989928.090555,1393746.97352 4989958.205024,1393844.746048 4990006.492667,1393929.865636 4990061.6786,1394045.547457 4990159.44147,1394098.307695 4990131.671447,1394098.307695 4990127.307038);44;X;3;;;;CORSO LIONE;B;Bidirezionale;LATO EST DEL CORSO;480;;1927;384 P;;;;;;3;;DA CORSO ROSSELLI A CORSO MEDITERRANEO
LINESTRING (1392970.260067 4993229.795891,1392637.223921 4992235.301921);45;X;4;;20061130000000;;CORSO MONTE GRAPPA;B;Bidirezionale;BANCHINA CENTRALE;1049;;4937;636 P;;16-V;;X;;3;;TRATTO: COMPLETO
LINESTRING (1395343.733506 4993729.447387,1395304.383818 4993496.696921);49;X;4;;;;VIA LIVORNO;B;Bidirezionale;LATO OVEST DEL TRATTO;236;;5708;627 P;;52-V;;;;3;;DA VIA TREVISO A PONTE AMEDEO IX
LINESTRING (1394712.719948 4995579.126755,1394824.363071 4995572.051341);50;X;5;;;;CORSO GROSSETO;B;Bidirezionale;LATO NORD DEL CORSO;112;;3959;513 P;;;;;;3;;DA VIA VENARIA A VIA CONFALONIERI
LINESTRING (1396000.876852 4994010.86523,1395978.613346 4994025.303799,1395968.09467 4994032.895317,1395951.696135 4994043.031174,1395927.961403 4994057.480215,1395906.384379 4994071.28225,1395900.774324 4994075.811065,1395888.513582 4994091.629188,1395878.126181 4994099.988697,1395787.646421 4994214.73454,1395699.788419 4994326.295856,1395535.076778 4994538.651638,1395509.400203 4994568.719388);51;X;5;;20041007000000;;VIA STRADELLA;B;Bidirezionale;LATO OVEST DELLA VIA;749;;2380;343 P;X;4-V;;X;X;3;;DA CORSO MORTARA A LARGO GIACHINO
LINESTRING (1394739.098742 4995578.255083,1394492.56974 4995903.17744,1394294.445231 4996164.489392);52;;5;;20041007000000;;VIA CONFALONIERI;M;Monodirezionale;LATO EST DELLA VIA;736;X;1269;170 P;X;4-V;;X;X;2;;CORSO GROSSETO - VIA SANSOVINO
LINESTRING (1391931.379555 4995058.011582,1391907.650301 4995062.15986,1391891.263416 4995075.204524,1391878.85166 4995088.908757,1391868.602415 4995114.65199,1391845.555527 4995260.952943,1391833.133855 4995457.602158,1391838.065252 4995586.62857,1391821.587245 4995781.560264,1391801.566257 4995791.011546);53;X;5;;20041007000000;;VIA DELLE PRIMULE;B;Bidirezionale;TORINO NORD / OVEST;783;;947;123 P;;6-V;;X;;3;;VIA DELLE PRIMULE N.C. 28 A CORSO FERRARA
LINESTRING (1392905.05889 4994664.869147,1393203.131164 4994871.780645,1393180.337474 4994885.70636,1393200.387503 4994898.788078,1393382.300919 4995026.660767);54;X;5;;;;VIA CINCINNATO;B;Bidirezionale;BANCHINA CENTRALE E LATO NORD/OVEST DELLA VIA;636;;580;89 P;;28-V;;;;3;;DA CORSO MOLISE A CORSO TOSCANA
LINESTRING (1397839.46383 4995194.271378,1397831.279743 4995216.479228,1397941.753416 4995440.954045,1397928.342729 4995448.696324,1398109.957536 4995816.171258,1398122.602873 4995809.715842,1398148.221958 4995875.486447,1398201.031299 4996002.383564,1398302.919127 4996214.472856,1398306.204638 4996218.726442,1398323.649898 4996219.452029,1398333.849982 4996224.251183,1398343.750066 4996232.649704,1398351.25011 4996242.84789,1398356.050152 4996259.04502,1398354.550113 4996273.142546,1398352.150111 4996284.540521,1398349.450109 4996288.139887,1398531.95773 4996665.137524,1398545.901304 4996693.227679,1398595.06172 4996798.35149,1398601.538163 4996805.152314,1398620.368187 4996844.720287,1398620.368187 4996849.632711,1398671.079092 4996953.7311,1398673.366786 4996956.953509,1398675.868767 4996959.654921,1398683.392282 4996960.84158,1398691.612496 4996962.116905,1398697.139915 4996963.675627,1398700.891652 4996967.21617,1398705.525661 4996970.06762,1398710.060967 4996974.743787,1398714.312808 4996979.419955,1398716.709649 4996985.930696,1398719.415047 4996993.02336,1398721.966128 4997002.659093,1398722.962711 4997009.475596,1398723.585836 4997016.001948);55;X;6;;;;C.SO G. CESARE - LINEA 4;B;Bidirezionale;LATO OVEST ED EST DI CORSO GIULIO;2095;;2580;;X;1-V;;X;X;3;;DA P.ZZA DERNA - INTERZEZIONE VERCELLI A ROMANIA/R
LINESTRING (1391228.418814 4985992.836413,1391407.239166 4985890.520716,1391589.123408 4985816.661956,1391610.434254 4985806.626568,1391903.200376 4985686.718431);97;X;10;;20071206000000;;VIA PLAVA;B;Bidirezionale;MARCIAPIEDE NORD E BANCHINA CENTRALE DEL CORSO;742;;5145;688 P;;70-V;;;;3;;CORSO UNIONE SOVIETICA/VIA FACCIOLI
LINESTRING (1391656.540011 4985379.044108,1392204.292511 4986044.73015,1392263.627788 4986115.207451,1392331.700513 4986198.26999,1392380.298643 4986258.585369,1392384.54046 4986271.277718,1392394.062783 4986283.242327,1392408.012381 4986311.253271,1392422.48909 4986327.133997,1392431.494594 4986340.269721,1392434.759412 4986347.339709,1392446.989083 4986362.017081,1392458.199485 4986375.797272);95;X;10;;20061130000000;;CORSO UNIONE SOVIETICA;B;Bidirezionale;BANCHINA NORD/OVEST DEL CORSO;1281;;3543;469 P;;;;;;3;;DA PIAZZA CAIO MARIO A STRADA DEL DROSSO
LINESTRING (1390291.729425 4987874.780331,1390384.082459 4987835.76476,1390466.914523 4987784.378384,1390681.889218 4987645.135341);89;X;10;;20061130000000;;STRADA DEL PORTONE;B;Bidirezionale;TORINO SUD - COMUNE DI GRUGLIASCO;454;;2982;369 P;;22-V;;X;X;3;;DAL N.C. 24 - CONFINE COMUNALE
LINESTRING (1392445.313473 4986465.600552,1392430.579631 4986472.351634,1391062.700836 4987250.359874);94;;10;;;;CORSO SETTEMBRINI;M;Monodirezionale;MARCIAPIEDE LATO NORD DEL CORSO;1590;X;1292;147 P;;45-V;;;;2;;DA CORSO AGNELLI A CORSO SETTEMBRINI FRONTE CIV.19
LINESTRING (1391661.06962 4987784.578126,1391668.687395 4987777.396463,1391684.150839 4987769.368498,1391700.946549 4987764.730613,1391709.226472 4987763.795741,1391717.821834 4987763.730679,1391726.115276 4987764.538594,1391742.979398 4987768.919485,1391758.455284 4987776.656529,1391764.967786 4987781.552794);99;;10;;;;PIAZZA CATTANEO;;;MARCIAPIEDE SEMI ARCO SUD DELLA PIAZZA;113;;1163;125 P;;;;;;3;;COLLEGAMENTO CORSO ORBASSANO E CORSO TAZZOLI
LINESTRING (1391063.038343 4987424.923684,1391661.069154 4987784.540704);88;X;10;;;;CORSO ORBASSANO;B;Bidirezionale;MARCIAPIEDE LATO SUD DEL CORSO;698;;1159;121 P;;45-V;;;;3;;DA CORSO SETTEMBRINI A PIAZZA CATTANEO
LINESTRING (1393653.663944 4984814.155572,1393637.415071 4984927.432704,1393638.714187 4984936.30077,1393619.996178 4984933.182734,1393607.907493 4984936.30077,1393604.982841 4984928.505698,1393597.768599 4984920.320905,1393594.843946 4984915.448989,1393589.774467 4984906.874437);93;X;10;;;;VIA ARTON;B;Bidirezionale;MARCIAPIEDE LATO EST DEL CORSO;190;;1082;105 P;;;;;;3;;ROTONDA ARTON CON STRADA CASTELLO DI MIRAFIORI
LINESTRING (1392661.639921 4985069.801705,1392641.218778 4985093.992022,1392632.899011 4985118.938274,1392823.567153 4985819.915082,1392842.475631 4985839.569717,1393103.412766 4985884.926574,1393151.938818 4985892.566386);98;X;10;;20071206000000;;STRADA DELLE CACCE - VIA FORMIGGINI;B;Bidirezionale;MARCIAPIEDE LATO SUD E PERCORSO LATO EST DELLE VIE;1126;;2508;282 P;;69-V;;;;3;;DA VIA ONORATO VIGLIANI A STRADA CASTELLO DI MIRAFIORI
LINESTRING (1390681.889218 4987645.135341,1390717.938972 4987618.002958,1390943.564302 4987498.127049,1391009.776434 4987463.353897,1390999.465661 4987440.772528,1390963.13249 4987434.390873,1390916.488546 4987424.081968,1390924.344358 4987383.828277,1390937.601061 4987375.482997);90;X;10;;;;STRADA DEL PORTONE;B;Bidirezionale;MARCIAPIEDE LATO NORD E ATTRAVERSAMENTO CORSO;542;;1243;143 P;;;;;;3;;NUOVO TRATTO DI COLLEGAMENTO A C.SO ORBASSANO
LINESTRING (1394873.026444 4988833.609729,1394907.031183 4988803.709363,1394935.857566 4988778.156039,1394977.405823 4988742.373618,1395003.85872 4988720.883731,1395035.465731 4988700.414923,1395055.716787 4988689.894261,1395119.890124 4988657.102645,1395127.831689 4988653.132595,1395301.169032 4988583.99862);86;X;9;;;;CORSO BRAMANTE / CORSO LEPANTO;B;Bidirezionale;MARCIAPIEDE SUD DEL CORSO;501;;4114;722 P;;23-V;;X;X;3;;VIA GIORDANO BRUNO - PIAZZA CARDUCCI
LINESTRING (1393413.766911 4986460.438973,1392812.148246 4986773.221074,1392711.146208 4986849.529507);85;;9;;;;CORSO TRAIANO;M;Monodirezionale;MARCIAPIEDE LATO NORD DEL CORSO;805;X;3294;446 P;;44-V;;;;2;;DA CORSO BENEDETTO CROCE A CORSO AGNELLI
LINESTRING (1394107.951417 4986887.197355,1394141.132851 4986967.248943,1394163.635157 4987021.379045,1394221.523192 4987159.227439,1394252.658396 4987218.799837,1394388.033961 4987545.274053,1394426.46109 4987639.945846,1394431.776163 4987642.766854,1394437.481633 4987647.043736,1394442.309404 4987652.855935,1394443.40661 4987658.887438,1394443.51633 4987663.931959,1394442.309404 4987670.292456,1394441.321919 4987675.775661,1394445.162139 4987687.071028,1394450.223916 4987699.190148,1394654.617764 4988171.745839,1394663.862591 4988193.918548,1394668.53397 4988198.295663,1394671.891485 4988205.590817,1394672.913342 4988213.031886,1394671.745514 4988219.013916,1394673.935265 4988224.558239,1394703.539822 4988291.696442,1394722.773991 4988333.768221,1394750.586652 4988378.687291,1394777.87769 4988418.786055,1394790.843039 4988437.634838,1394815.618401 4988472.878803,1394831.951363 4988493.4105,1394849.498436 4988512.147444,1394868.330438 4988529.671654,1394896.170986 4988551.071967,1394930.887746 4988581.654605,1394946.537009 4988598.75838,1394956.899552 4988612.788667,1394981.342451 4988647.546703,1395027.899972 4988731.424165);83;X;9;;;;VIA ZINO ZINI;B;Bidirezionale;MARCIAPIEDE EST DELLA VIA;2084;;3544;470 P;;;;;;3;;CORSO BRAMANTE/VIA BOSSOLI
LINESTRING (1394558.362093 4988252.613976,1394866.036832 4988834.800213);81;X;9;;;;VIA GIORDANO BRUNO;B;Bidirezionale;MARCIAPIEDE EST DEL CORSO;658;;1293;148 P;;21-V;;;;3;;CORSO BRAMANTE/CORSO SEBASTOPOLI
LINESTRING (1396037.549292 4987970.664357,1396128.246896 4988142.364032,1396083.123207 4988159.149399,1396114.766928 4988253.445564,1396066.121775 4988299.69757,1396096.196935 4988329.059856);77;X;8;;;;CORSO SICILIA;B;Bidirezionale;LATO OVEST DEL CORSO;451;;272;64 P;;;;;;3;;DA CORSO MONTEROTONDO E A SUD DA VIA VILLA GLORI
LINESTRING (1397547.229582 4990782.06105,1397652.928035 4990883.462621,1397734.613703 4990925.158861,1397976.180649 4991049.343157,1398325.743092 4991229.983403,1398361.286435 4991249.055732);80;;8;;;;CORSO CASALE;;;LATO NORD DEL CORSO;944;;2064;212 P;;;;;;3;;DA PONTE VITTORIO EMANUELE I A PONTE REGINA MARGHE
LINESTRING (1397153.952872 4990243.40662,1397411.13268 4990598.724705,1397471.10087 4990664.169028,1397466.531551 4990687.846244,1397547.229582 4990782.06105);79;X;8;;;;CORSO MONCALIERI;B;Bidirezionale;LATO OVEST DEL CORSO;676;;2063;211 P;;;;;;3;;DA PONTE UMBERTO I A PONTE VITTORIO EMANUELE I
LINESTRING (1396528.585464 4988792.362077,1396543.121787 4988816.438305,1396566.795137 4988869.572005,1396612.948744 4989025.149875,1396645.785224 4989215.829462,1396698.630301 4989352.6144,1396825.377023 4989621.230641,1396848.02823 4989663.464474);78;X;8;;;;CORSO MONCALIERI;B;Bidirezionale;LATO OVEST DEL CORSO;934;;1273;168 P;;;;;;3;;DA PONTE ISABELLA A m 27.00 circa a SUD DEL PROTEN
LINESTRING (1396083.901089 4988380.973714,1396092.976689 4988366.91383,1396096.153141 4988347.864974,1396096.606952 4988331.537353,1396108.859004 4988311.581396,1396133.816864 4988287.543534,1396161.49742 4988266.226941,1396175.981203 4988261.232573,1396215.199578 4988384.447124,1396239.205441 4988371.992972,1396253.692501 4988404.169752,1396302.846778 4988496.120822,1396340.271738 4988552.430231,1396364.819274 4988585.411444,1396390.171629 4988610.750652,1396400.151796 4988624.120122,1396469.93242 4988672.371616);76;X;8;;;;CORSO SICILIA;B;Bidirezionale;LATO EST / LATO OVEST E LATO NORD;703;;272;64ÿP;;;;;;0;;C.SO SICILIA - P.ZZA ZARA - C.SO MONTEROTONDO - P.
LINESTRING (1398068.424051 4992189.286123,1398139.170236 4992192.103238,1398219.31576 4992189.280239,1398285.552221 4992183.082599,1398353.89195 4992172.092761,1398419.000965 4992157.162052,1398484.364405 4992138.980714,1398551.039403 4992115.80539,1398575.022162 4992107.135267,1398638.806123 4992076.534869,1398713.815996 4992029.104194,1398771.986947 4991991.363683,1398796.258176 4991980.560627,1398820.241545 4991979.203787,1398847.392536 4991984.178868,1398880.42618 4992003.1747,1398908.934714 4992032.573009,1398943.778435 4992074.635196,1398982.242311 4992119.411062,1399022.968741 4992166.900644,1399069.757328 4992210.556794,1399084.863714 4992221.069007);75;X;7;;;;LUNGO DORA COLLETTA;B;Bidirezionale;LATO A SUD DI LUNGO DORA COLLETTA;1162;;0;;X;8b-V;;X;;3;;CORSO NOVARA - PONTE WASHINGTON
LINESTRING (1396653.924724 4992863.30308,1396611.994215 4992897.53052,1396541.329904 4992965.932572,1396538.904129 4992968.095142);74;X;7;;;;LUNGO DORA NAPOLI;B;Bidirezionale;MARCIAPIEDE SUD DEL CORSO;156;;0;;X;8a-V;;X;X;3;;DA CORSO GIULIO CESARE A PONTE CARPANINI
LINESTRING (1396881.043133 4992106.452268,1397087.493888 4992235.746159);73;;7;;;;CORSO REGIO PARCO;;;MARCIAPIEDE NORD DEL CORSO;244;;3959;487 P;;30-V;;;;3;;DA CORSO REGINA MARGHERITA A LARGO REGIO PARCO
LINESTRING (1399171.129774 4991948.529166,1399184.44394 4991968.219387,1399180.560626 4991987.632276,1399160.707079 4992001.171862,1399153.130724 4991999.361927,1399139.786072 4991978.75783,1399144.501478 4991962.395535,1399171.129774 4991948.529166);72;;7;;;;CORSO BELGIO;M;Monodirezionale;TUTTO INTORNO ALLE BANCHINE CENTRALI;147;X;518;64 P;;;;;;2;;INTERSEZIONE CON CORSO BRIANZA
LINESTRING (1399219.989732 4991737.312838,1399171.523935 4991945.542297);136;X;7;;;;CORSO BRIANZA;B;Bidirezionale;BANCHINA CENTRALE;214;;517;63 P;;8c-V;;;;3;;DA CORSO BELGIO A PIAZZA CHIAVES
LINESTRING (1395809.094229 4991347.893912,1395731.178597 4991196.043094,1395717.967277 4991202.434328,1395696.658653 4991163.44783);4;;1;;20661130000000;;CORSO RE UMBERTO;M;Monodirezionale;BANCHINA OVEST DEL CORSO DIREZIONE NORD VERSO SUD;230;X;3644;484 P;;36-V;;;;2;;DA PROLUNGAMENTO VIA GANDOLFO-ARCDA PROLUNGAMENTO VIA GANDOLFO / ARCIVESCOVADO A CORSO MATTEOTTI
LINESTRING (1399119.01488 4992181.637677,1399162.470256 4992209.043531,1399243.070201 4992253.525664,1399321.217092 4992285.048412,1399433.554731 4992321.565319,1399450.725999 4992326.819093,1399489.27385 4992336.976438,1399603.165086 4992364.29616,1399690.739973 4992384.98786,1399807.084263 4992223.521228,1399849.742523 4992133.569874);70;X;7;;;;LUNGO PO ANTONELLI / LUNGO DORA VOGHERA;B;Bidirezionale;LATO EST E NORD DEILLE VIE;909;;2445;309 P;;;;;;3;;PONTE DI SASSI / PONTE WASHINGTON
LINESTRING (1399101.603697 4992227.677799,1399119.75815 4992178.793268);69;;7;;;;PONTE WASHINGTON;M;Monodirezionale;MARCIAPIEDE EST DEL PONTE;52;X;520;66 P;;;;;;2;;DA LUNGO DORA VOGHERA A LUNGO DORA COLLETTA
LINESTRING (1399084.863714 4992221.069007,1399104.593858 4992172.602642);124;;7;;;;PONTE WASHINGTON;M;Monodirezionale;MARCIAPIEDE OVEST DEL PONTE;52;X;520;66 P;;;;;;2;;DA LUNGO DORA COLLETTA A LUNGO DORA VOGHERA
LINESTRING (1397087.493888 4992235.746159,1397064.195128 4992276.896996,1397056.035035 4992279.336057,1396854.392685 4992652.980845,1396807.029102 4992727.916179,1396699.767633 4992843.041702,1396678.05015 4992850.834421);68;X;7;;20061130000000;;LUNGO DORA FIRENZE;B;Bidirezionale;MARCIAPIEDE OVEST LUNGO DORA FIRENZE;749;;3581;472 P;;;;;;3;;DA CORSO GIULIO CESARE A CORSO REGIO PARCO
LINESTRING (1397087.493888 4992235.746159,1397134.154157 4992165.735634,1397131.173592 4992155.30903,1397189.294779 4992072.789972,1397199.726758 4992073.087883,1397226.321357 4992052.419892,1397251.656216 4992036.631066);67;;7;;;;LUNGO DORA FIRENZE;;;TORINO SUD / OVEST;270;;4089;439 P;;;;;;0;;DA LARGO REGIO PARCO A PONTE ROSSINI
LINESTRING (1396447.993405 4998253.337337,1396521.08712 4998210.895355,1396547.540095 4998203.937672,1396575.385325 4998204.633447,1396663.793911 4998216.461523,1396703.473373 4998225.506533,1396788.401319 4998254.728853);63;X;6;;;;CIRCONVALLAZIONE SUD;B;Bidirezionale;MARCIAPIEDE SUD DELLA VIA;359;;2125;282 P;;;;;;3;;DA STRADA DEL FRANCESE A STRADA COMUNALE VILLARETT
LINESTRING (1397842.748624 4995197.635089,1397842.223112 4995190.281108,1397839.201115 4995175.310501,1397794.17321 4995116.071415);62;X;6;;;;PIAZZA DERNA;B;Bidirezionale;LATO EST DELLA PIAZZA;97;;1377;173 P;;;;;;3;;PIAZZA DERNA
LINESTRING (1398935.453611 4994249.563449,1398943.93322 4994260.961838,1398952.70522 4994271.775718,1398967.032842 4994261.254126,1399021.496403 4994317.526741,1399074.823378 4994261.104949);61;X;6;;;;PIAZZA SOFIA;B;Bidirezionale;BANCHINA OVEST E ATTRAVERSAMENTO PIAZZA;202;;4698;522 P;;;;;;0;;PIAZZA SOFIA
LINESTRING (1397438.932429 4995259.884542,1397638.521097 4995192.537272,1397724.552147 4995155.878231,1397747.117688 4995122.744141,1397768.204637 4995110.839687,1397793.524213 4995114.845265);60;X;6;;;;VIA BOTTICELLI;B;Bidirezionale;LATO SUD DELLA VIA;394;;4608;510 P;;2-V;;;;3;;DA P.ZZA REBAUDENGO A P.ZZA DERNA
LINESTRING (1397324.039915 4995284.516892,1397123.106531 4995301.082088,1397086.901772 4995286.523761,1397014.467472 4995194.658241);58;X;6;;;;CORSO GROSSETO;B;Bidirezionale;LATO SUD DEL CORSO;368;;4606;508 P;X;2-V;;;;3;;PIAZZA REBAUDENGO - GROSSETO - BOCCHERINI
LINESTRING (1392671.745289 4985067.202408,1392649.072664 4984960.553525,1392614.453641 4984968.149121,1392608.543093 4984950.00406,1392600.943784 4984947.050226,1392509.330115 4984969.41506,1392502.152997 4984968.993069,1392502.575187 4984962.663411,1392529.172711 4984956.333753,1392528.750521 4984950.848042,1392489.90971 4984949.160112,1392453.179793 4984907.384314);91;X;10;;;;STRADA CASTELLO DI MIRAFIORI;B;Bidirezionale;PERCORSO NELL'AREA DEL MAUSOLEO DELLA BELA ROSIN;407;;3741;494 P;;;;;;3;;DA STRADA DELLE CACCIE A CONFINE COMUNE DI NICHELI
LINESTRING (1401585.03043 4994688.137914,1401596.450435 4994678.625862,1401617.006511 4994672.918625,1401644.033893 4994676.342946,1401782.596894 4994707.542543);64;X;6;;;;VIA MONTE TABOR;B;Bidirezionale;LATO SUD DELLA VIA;205;;2633;333 P;;5-V;;X;;3;;LUNGO LA VIA
LINESTRING (1395468.103051 4991308.769211,1395742.469586 4991841.875442);18;;1;;;;CORSO GALLILEO FERRARIS;M;Monodirezionale;TORINO CENTRO;600;X;1741;371;X;;;X;X;2;;DA VIA CERNAIA A CORSO MATTEOTTI
LINESTRING (1394265.993789 4987623.084508,1394384.767978 4987907.75372,1394419.012842 4987986.077442,1394555.608309 4988246.616227);170;X;9;;;;VIA GIORDANO BRUNO;B;Bidirezionale;MARCIAPIEDE LATO EST;688;;0;;;;;;;3;;DA CORSO SEBASTOPOLI A VIA MADONNA DELLE ROSE
LINESTRING (1391801.566257 4995791.011546,1391781.926527 4995799.470023,1391767.719461 4995810.027768,1391749.107208 4995829.35481,1391292.072514 4995849.411353,1391287.634561 4995858.885779,1391284.937951 4995865.176735,1391280.443574 4995867.27372,1391150.57439 4995858.440489,1391144.455989 4995913.496167);113;X;5;;;;STRADA DELLE VALLETTE;B;Bidirezionale;TUTTA LA CARREGGIATA DELLA STRADINA DI CAMPAGNA;731;;0;;;;;X;;4;;DA VIA DELLE PRIMULE A CONFINE TORINO
LINESTRING (1396177.997862 4993230.700862,1396316.692647 4993092.751812,1396359.232859 4993060.246152,1396447.650866 4992983.708333,1396504.41109 4992929.750648,1396515.228222 4992899.483346);109;X;7;;;;LUNGO DORA AGRIGENTO;B;Bidirezionale;LATO SUD/OVEST DELLLA SPONDA DORA;477;;0;;;;;X;;3;;DA BORGO DORA A VIA CIGNA
LINESTRING (1397286.06387 4991285.777244,1397477.415089 4991180.078305,1397488.516244 4991176.634794);129;;1;;;;VIA VERDI;M;Monodirezionale;LATO SUD DEL TRATTO DI VIA;230;X;0;;;;;;;2;;DA ROERO DI CORTANZE A CORSO SAN MAURIZIO
LINESTRING (1400300.130182 4994249.674045,1400297.3816 4994255.234546,1400274.152295 4994250.110775,1400270.94826 4994251.711939,1400269.422982 4994254.462412,1400269.826844 4994258.116671,1400271.105882 4994261.061047,1400286.579786 4994273.584113,1400288.797525 4994275.403765,1400290.950632 4994277.299451,1400293.036503 4994279.268877,1400295.052613 4994281.309661,1400296.996523 4994283.419332,1400298.86588 4994285.595337,1400300.658422 4994287.835045,1400302.371981 4994290.135743,1400304.004482 4994292.494649,1400305.553951 4994294.908907,1400307.018511 4994297.375597,1400308.396392 4994299.891733,1400309.685925 4994302.454271,1400310.885551 4994305.06011,1400311.993817 4994307.706096,1400313.009382 4994310.389028,1400313.931018 4994313.105659,1400314.757609 4994315.852702,1400315.488156 4994318.626832,1400316.121773 4994321.424693,1400316.657694 4994324.242899,1400317.095271 4994327.07804,1400317.433975 4994329.926684,1400317.673395 4994332.785386,1400317.813241 4994335.650685,1400317.853345 4994338.519115,1400317.793658 4994341.387204,1400317.634252 4994344.251481,1400317.37532 4994347.108482,1400317.017175 4994349.954748,1400316.560251 4994352.786835,1400316.005101 4994355.601316,1400315.352396 4994358.394786,1400314.602927 4994361.163864,1400313.757599 4994363.905199,1400312.817437 4994366.615474,1400311.783578 4994369.291409,1400310.657272 4994371.929767,1400309.439883 4994374.527355,1400308.132884 4994377.081029,1400306.737857 4994379.587699,1400305.256489 4994382.044332,1400303.690573 4994384.447955,1400302.042004 4994386.79566,1400300.312777 4994389.084605,1400298.504985 4994391.312022,1400296.620815 4994393.475214,1400294.662547 4994395.571563,1400292.63255 4994397.598534,1400290.533282 4994399.553673,1400288.367282 4994401.434615,1400286.137171 4994403.239083,1400283.845649 4994404.964894,1400281.495488 4994406.609959,1400279.089532 4994408.172288,1400276.630692 4994409.64999,1400274.121944 4994411.041277,1400271.566323 4994412.344465,1400268.966923 4994413.557978,1400266.326888 4994414.680347,1400263.649413 4994415.710214,1400260.937739 4994416.646333,1400258.195146 4994417.48757,1400255.424953 4994418.232909,1400252.630513 4994418.881446,1400249.815207 4994419.432398,1400246.982441 4994419.885097,1400244.135644 4994420.238996,1400241.278261 4994420.493666,1400238.413749 4994420.648799,1400235.545574 4994420.704209,1400232.677207 4994420.659826,1400229.81212 4994420.515706,1400226.953779 4994420.272023,1400224.105642 4994419.92907,1400221.271157 4994419.487265,1400218.453754 4994418.947141,1400215.656841 4994418.309351,1400212.883804 4994417.574668,1400210.137997 4994416.74398,1400207.422744 4994415.818293,1400204.741329 4994414.798727,1400202.096999 4994413.686515,1400199.492953 4994412.483004,1400196.932341 4994411.18965,1400194.418263 4994409.808018,1400191.95376 4994408.33978,1400189.541816 4994406.786712,1400187.185348 4994405.150694,1400184.887208 4994403.433705,1400182.650177 4994401.637824,1400180.476962 4994399.765223,1400178.370193 4994397.818169,1400176.332419 4994395.799017,1400174.366106 4994393.710211,1400172.473633 4994391.554279,1400170.657291 4994389.333829,1400168.919278 4994387.051548,1400167.261696 4994384.710198,1400165.686551 4994382.312613,1400164.19575 4994379.861693,1400162.791096 4994377.360404,1400161.47429 4994374.811774,1400160.246924 4994372.218886,1400159.110483 4994369.584877,1400046.897734 4994117.895061);65;X;6;;;;LUNGO STURA LAZIO;B;Bidirezionale;BANCHINA OVEST DI LUNGO STURA LAZIO;640;;5557;660 P;;;;;;2;;DA STRADA DEL MEISINO A INTERSEZIONE VIA FATTORELLI
LINESTRING (1399421.968698 4992377.649424,1399441.789116 4992317.65937);137;X;7;;;;PASSERELLA SULLA DORA;B;Bidirezionale;TUTTA LA SEZIONE DELLA PASSERELLA;63;;2316;293 P;;;;;;3;;DA LUNGO DORA VOGHERA A INTERNO PARCO
LINESTRING (1396538.458926 4992965.460788,1396512.050962 4992893.247793);107;X;7;;;;PONTE CARPANINI;B;Bidirezionale;LATO OVEST DEL PONTE;77;;5036;799;X;;;X;;2;;DA LUNGO DORA NAPOLI A LUNGO DORA AGRIGENTO
LINESTRING (1397682.403407 4992117.605248,1397720.991808 4992049.10988);118;X;7;;;;PASSERELLA VERONA;B;Bidirezionale;SU TUTTA LA SEZIONE DELLA PASSERELLA;79;;0;;;;;;;0;;PROLUNGAMENTO CORSO VERONA
LINESTRING (1400300.130182 4994249.674045,1400300.643636 4994242.893308,1400264.641106 4994236.189124,1400262.883894 4994233.926143,1400261.508858 4994230.833976,1400261.680721 4994228.428948,1400263.571411 4994224.821386,1400268.555898 4994219.152406,1400273.196593 4994213.998741,1400279.55605 4994210.047649,1400290.056667 4994203.338894);66;;6;;;;VIA FATTORELLI;;;MARCIAPIEDE SUD E ATTRAVERSAMENTO VIA;91;;5555;658 P;;;;;;3;;INTERSEZIONE DI LUNGO STURA LAZIO CON VIA FATTORELLI
LINESTRING (1396074.127367 4991676.460923,1396189.160937 4991883.424916);10;X;1;;;;VIA SAN FRANCESCO D'ASSISI;B;Bidirezionale;LATO  OVEST DELLA CARREGGIATA;237;;2673;287 P;X;96-V;;X;X;2;;DA VIA GARIBALDI A VIA BERTOLA
LINESTRING (1397267.015883 4992032.513803,1397321.002233 4992007.733126,1397354.889647 4991992.553099,1397399.604898 4991997.19094,1397446.851231 4992003.093604,1397466.255981 4992008.996307,1397481.864139 4992017.428735,1397608.416774 4992093.320426,1397705.597109 4992137.183492,1397838.578917 4992165.864851,1397967.662634 4992185.259391,1398006.472069 4992187.367508);135;X;7;;;;LUNGO DORA FIRENZE;B;Bidirezionale;MARCIAPIEDI LATO SUD;787;;4089;439 P;;;;;;3;;DA LARGO REGIO PARCO A PONTE ROSSINI
LINESTRING (1395390.292321 4993934.229854,1395402.610933 4994008.513465,1395423.135157 4994141.661544,1395446.54487 4994283.398753,1395454.762845 4994351.60514,1395446.155508 4994382.956043,1395452.314878 4994416.609395,1395498.454 4994407.593,1395499.029 4994419.701);103;X;4;;;;VIA ORVIETO;B;Bidirezionale;MARCIAPIEDE OVEST DELLA VIA;548;;5710;629 P;;;;;;3;;DA CORSO MORTARA A VIA VEROLENGO
LINESTRING (1392784.084178 4989149.754622,1392724.982167 4989026.104052);104;X;2;;;;COLLEGAMENTO TRA CORSO SEBASTOPOLI E VIA BALTIMORA;B;Bidirezionale;TORINOSUD;137;;2152;219 P;;;;;;3;;DA CORSO SEBASTOPOLI A VIA BALTIMORA
LINESTRING (1396963.124948 4990319.075366,1397057.620477 4990475.708832);106;X;1;;;;CORSO CAIROLI;B;Bidirezionale;MARCIAPIEDE LATO EST;183;;383;45;;;;;;3;;DA CORSO VITTORIO EMANUELE A VIA DEI MILLE
LINESTRING (1396538.904129 4992968.095142,1396470.324373 4993029.233756,1396464.049613 4993041.776755,1396397.429877 4993103.604357,1396198.721051 4993289.713934,1396056.575594 4993420.116818,1395950.538208 4993516.039186,1395889.389302 4993572.300237);114;X;7;;;;LUNGO DORA NAPOLI;B;Bidirezionale;SULLA SPONDA NORD DELLA DORA;888;;0;;X;8a-V;;X;X;3;;CORSO PRINCIPE ODDONE - CORSO VERCELLI
LINESTRING (1395034.187396 4993683.37028,1395035.997158 4993675.226308,1395033.442578 4993668.660693,1395039.28172 4993658.629877,1395051.523236 4993651.65598,1395056.016796 4993646.879609,1395057.553985 4993640.13881,1395057.371505 4993629.560829,1395055.546777 4993623.724714,1395055.729257 4993615.152936,1395053.53957 4993606.945908,1395050.619967 4993600.745004,1395048.61276 4993585.607611,1395045.510677 4993567.916891,1395043.868429 4993555.879872,1395043.225123 4993542.548253);110;X;7;;;;CORSO UMBRIA;B;Bidirezionale;MARCIAPIEDE OVEST DELLA VIA;154;;0;;;;;X;;3;;DA VIA DAUBRE'E A VIA TREVISO
LINESTRING (1395503.896202 4991290.511293,1395772.344261 4991822.463616);112;;1;;;;CORSO GALLILEO FERRARIS;M;Monodirezionale;LATO EST DELLA VIA DA SUD A NORD;596;X;1741;371;X;;;X;X;2;;DA CORSO MATTEOTTI A VIA CERNAIA
LINESTRING (1396509.641674 4992903.836726,1396618.990575 4992796.122255);108;X;7;;;;LUNGO DORA AGRIGENTO;B;Bidirezionale;MARCIAPIEDE LATO NORD;153;;0;;X;;;;;3;;DA BORGO DORA A CORSO GIULIO CESARE
LINESTRING (1395499.057039 4994418.781486,1395511.839132 4994502.066962,1395523.637946 4994505.50649,1395521.260991 4994514.990768,1395520.054647 4994519.693243,1395519.933987 4994522.707646,1395521.140395 4994526.204344,1395538.276014 4994537.428944);115;;4;;;;VIA ORVIETO;M;Monodirezionale;LATO EST DELLA VIA;138;X;5710;629 P;X;;;X;X;2;;DA VIA VEROLENGO A LARGO GIACHINO
LINESTRING (1395509.400203 4994568.719388,1395488.43878 4994550.183499,1395501.709987 4994524.580473,1395481.51 4994420.18);151;;4;;;;VIA ORVIETO;M;Monodirezionale;LATO OVEST DELLA VIA;163;X;5710;629 P;;;;;;2;;DA LARGO GIACHINO A VIA VEROLENGO
LINESTRING (1393413.766911 4986460.438973,1393450.225671 4986442.400112,1393658.041258 4986334.163424,1393774.048676 4986274.532097,1393886.390519 4986216.536127,1393894.824634 4986217.547688,1394031.68233 4986147.217162,1394187.134073 4986065.106396);117;;9;;;;CORSO TRAIANO;M;Monodirezionale;TORINO SUD;870;X;3294;446 P;X;44-V;;X;X;2;;DA VIA CAIO PLINIO A CORSO BENEDETTO CROCE
LINESTRING (1394171.132027 4986023.773319,1394162.439567 4986028.006277,1393878.403476 4986171.22644,1393766.054821 4986230.501279,1393704.585995 4986259.218225,1393693.891074 4986264.922697);116;;10;;;;CORSO TRAIANO;M;Monodirezionale;MARCIAPIEDE LATO SUD DEL CORSO;535;X;3294;446 P;X;44-V;;X;X;2;;DA VIA PIO VII A VIA CAIO PLINIO
LINESTRING (1393589.774467 4984906.874437,1393520.556957 4984901.028123,1392900.0298 4985019.515399,1392849.849428 4985028.547902,1392764.502133 4985043.343547,1392661.639921 4985069.801705);92;X;10;;20071206000000;;STRADA CASTELLO DI MIRAFIORI;B;Bidirezionale;SUL LATO NORD DEL CORSO;945;;3466;374 P;;24-V;;X;X;3;;STRADA DELLE CACCE/VIA ARTOM
LINESTRING (1393592.959082 4984860.69923,1393611.736709 4984874.125417,1393615.636678 4984871.815543,1393618.2367 4984863.730945,1393645.952485 4984867.915114);153;X;10;;;;STRADA CASTELLO DI MIRAFIORI;B;Bidirezionale;LATO SUD DELLA ROTONDA;64;;3466;374 P;;;;;;3;;ATTRAVESAMENTO SUD ROTONDA
LINESTRING (1391307.848106 4984979.580682,1391311.721987 4984994.770165,1391316.787842 4985006.087806,1391379.663566 4985084.120009,1391426.745868 4985140.410439,1391544.550114 4985283.888044,1391601.593881 4985353.808373,1391607.553684 4985341.895074,1391643.014407 4985313.303124,1391648.080197 4985309.72913,1391652.848026 4985311.218297,1391656.423946 4985310.920448,1391675.495262 4985329.386076,1391671.621381 4985333.257919,1391688.904736 4985355.595389,1391657.462246 4985384.344157);119;X;10;;20061130000000;;CORSO UNIONE SOVIETICA;B;Bidirezionale;MARCIAPIEDE LATO OVEST;654;;0;;;;;;;3;;DA STRADA DEL DROSSO A PONTE SANGONE
LINESTRING (1393694.79182 4986265.097007,1392796.090007 4986739.93255,1392695.087969 4986816.240982);120;;9;;;;CORSO TRAIANO;M;Monodirezionale;MARCIAPIEDE LATO SUD DEL CORSO;1143;X;3294;446 P;;44-V;;;;2;;DA CORSO AGNELLI A VIA PIO VII
LINESTRING (1392861.219008 4986234.670395,1392847.314914 4986212.81188,1392855.804246 4986191.034078,1392884.667881 4986183.397699,1393116.605531 4985925.152241,1393152.939254 4985884.433371,1393266.379663 4985851.034375,1393287.484856 4985833.455925,1393309.90909 4985824.666719,1393331.993288 4985826.393087,1393485.445592 4985782.886487,1393520.823977 4985779.723979,1393713.848516 4985768.737443,1394169.285673 4985760.698175);96;X;10;;20071206000000;;VIA ONORATO VIGLIANI;B;Bidirezionale;MARCIAPIEDE LATO SUD DEL CORSO;1517;;423;40 P;;68-V;;;;3;;DA STRADA DELLE CACCE A VIA TOMMASO VILLA
LINESTRING (1391062.700836 4987250.359874,1391061.958503 4987250.782051,1390953.670884 4987319.929504,1390940.538851 4987352.237572,1390936.488779 4987366.888228,1390938.943701 4987378.240268,1390946.615405 4987393.580863,1390967.789315 4987399.410299,1391021.184382 4987410.455508,1391032.538527 4987413.216811,1391045.120113 4987422.114379,1391055.340971 4987425.218764,1391063.012675 4987425.218764);122;X;10;;;;CORSO SETTEMBRINI;B;Bidirezionale;MARCIAPIEDE NORD DEL CORSO;330;;1292;147 P;;45-V;;;;3;;DA CORSO SETTEMBRINI FRONTE CIV.191 A CORSO ORBASS
LINESTRING (1391062.618121 4987249.793154,1391040.52143 4987210.237841,1391203.113298 4987119.919773,1391409.794199 4987001.974229,1391803.505206 4986779.555438,1392021.159419 4986653.111333,1392394.077176 4986441.956255,1392418.379026 4986426.767567,1392431.088475 4986412.787898,1392442.62313 4986397.610191,1392449.471498 4986387.369984,1392457.827526 4986376.068523);121;;10;;;;CORSO SETTEMBRINI;M;Monodirezionale;MARCIAPIEDE LATO SUD DEL CORSO;1695;X;1292;147 P;;45-V;;;;2;;DA CORSO SETTEMBRINI FRONTE CIV.191 A CORSO AGNELL
LINESTRING (1398952.204722 4994271.677542,1398851.582191 4994338.945459,1398722.367069 4994425.27746,1398710.267962 4994433.975772,1398532.45348 4994553.565582,1398446.591584 4994610.335846,1398432.582045 4994618.397701,1398427.487708 4994620.731413,1398416.874458 4994620.943565,1398400.954551 4994619.034157,1398381.638354 4994634.309259,1398379.727986 4994637.067275,1398381.426098 4994641.310354,1398381.001586 4994646.18989,1398377.605362 4994651.069426,1398322.337191 4994686.791739,1398300.686115 4994702.066841,1398293.681345 4994705.673465,1398290.285121 4994709.280049,1398288.374688 4994712.250216,1398272.242525 4994726.464519,1398109.092733 4994836.071266,1398036.621151 4994885.403783,1397889.1972 4994983.530287,1397781.041764 4995056.648254,1397777.46539 4995058.131521);125;;6;;;;CORSO TARANTO;M;Monodirezionale;TORINO NORD / SUD;1426;X;4607;509 P;X;3-V;;;;2;;DA PIAZZA SOFIA A PIAZZA DERNA
LINESTRING (1394052.141628 4991824.987662,1394057.633677 4991834.674401,1394013.805059 4991856.092845,1393917.774945 4991906.8912,1393882.561303 4991926.910473,1393839.179853 4991948.405978,1393687.361707 4992028.448331,1393331.389857 4992216.208851,1393328.013894 4992217.696182,1393323.566358 4992208.675051);126;;3;;;;CORSO VITTORIO EMANUELE II;;;BANCHINA CENTRALE LATO NORD;845;;422;44 P;;32-V;;;;0;;DA PIAZZA ADRIANO A PIAZZA RIVOLI
LINESTRING (1393323.566358 4992208.675051,1393318.920161 4992199.947275,1393358.94785 4992178.832658,1393572.454473 4992066.410686,1393717.454342 4991989.973395,1393847.369023 4991920.889951,1393858.543045 4991913.55103,1393874.750039 4991907.085415,1393882.421288 4991901.028981,1394026.373148 4991826.044045,1394046.823124 4991813.846418,1394052.141628 4991824.987662);43;;3;;;;CORSO VITTORIO EMANUELE II;M;Monodirezionale;BANCHINA CENTRALE LATO SUD;847;X;422;44 P;;32-V;;;;2;;DA P.ZZA RIVOLI A P.ZZA ADRIANO
LINESTRING (1395176.48709 4992311.516184,1395172.227666 4992314.158569,1395063.979274 4992309.460978,1394907.894518 4992303.291884,1394795.709649 4992298.589018,1394680.780017 4992293.745003,1394529.96159 4992287.870241,1394433.512143 4992283.882142,1394332.651669 4992279.76415,1394331.623532 4992298.114147);128;;3;;;;CORSO FRANCIA;M;Monodirezionale;MARCIAPIEDE LATO SUD DEL CORSO;864;X;0;;;;;;;2;;DA PIAZZA BERNINI A PIAZZA STATUTO
LINESTRING (1394331.623532 4992298.114147,1394330.889148 4992316.757734,1394420.190445 4992320.134152,1394558.97398 4992325.738224,1394735.941186 4992332.673083,1394915.564019 4992339.578477,1395085.790174 4992346.78297,1395196.513461 4992351.333942);127;;4;;;;CORSO FRANCIA;M;Monodirezionale;MARCIAPIEDE LATO NORD DEL CORSO;885;X;0;;;;;;;2;;DA PIAZZA STATUTO PIAZZA BERNINI
LINESTRING (1393651.932119 4989904.4113,1393659.929747 4989901.311707,1393663.036879 4989898.093593,1393666.817611 4989889.973317,1393693.604452 4989898.01321,1393693.684849 4989901.148754,1393694.569735 4989903.115996,1393696.09812 4989904.847092,1393698.319266 4989905.492458,1393710.629 4989898.999,1393720.430941 4989914.708982);152;;2;;20041007000000;;CORSO ROSSELLI;M;Monodirezionale;ATTRAVERSAMENTO LATO SUD DELLA PIAZZA;92;X;272;30 P;;35-V;;;;2;;INTORNO ALLA PIAZZA
LINESTRING (1394800.504406 4991419.935482,1394790.525853 4991398.991517,1394711.439834 4991240.786872,1394693.419312 4991205.185582,1394703.148388 4991173.5203,1394689.1784 4991143.101709,1394655.500782 4991131.13374,1394588.329772 4991002.499508,1394562.341204 4990954.796291,1394491.460733 4990818.328886,1394455.224974 4990745.639132,1394418.533049 4990671.217265,1394414.013726 4990663.645989,1394406.280399 4990667.884653,1394396.711838 4990649.603362);154;X;1;;;;CORSO CASTELFIDARDO;B;Bidirezionale;LATO EST DEL CORSO;898;;546;83P;;;;;;3;;DA CORSO PESCHIERA A CORSO VITTORIO EMANUELE II
LINESTRING (1394555.608309 4988246.616227,1394561.449781 4988248.078314,1394566.515636 4988247.120406,1394586.389498 4988237.014131,1394627.833392 4988215.956762,1394629.175544 4988212.386872,1394630.133964 4988206.02364,1394631.996172 4988196.275041,1394632.696506 4988194.035233,1394641.800532 4988189.135651,1394651.184652 4988186.755828,1394660.848932 4988186.755828);82;X;9;;;;CORSO SEBASTOPOLI;B;Bidirezionale;LATO SUD BANCHINA CENTRALE DEL TRATTO;132;;1295;150 P;;;;;;3;;DA VIA G. BRUNO A VIA ZINI
LINESTRING (1394423.430471 4987999.917929,1394408.490864 4987998.334272,1394382.007097 4987990.415949,1394202.958501 4988082.268748,1394068.751836 4988151.453559,1394045.43702 4988163.444193,1394026.196689 4988221.135007,1394012.508034 4988234.391707);130;X;9;;;;VIA FILADELFIA;B;Bidirezionale;MARCIAPIEDE LATO NORD DELLA VIA;501;;4673;531 P;;19-V;;;;3;;DA PIAZZALE G. DA GORIZIA A C.SO GIORDANO BRUNO
LINESTRING (1394012.508034 4988234.391707,1394006.474041 4988240.235293,1393996.287957 4988247.701176,1393967.54058 4988266.705215,1393935.060243 4988284.392887,1393910.160919 4988234.620435,1393894.995009 4988241.860059,1393615.223623 4988386.595297,1393603.905766 4988396.323536,1393542.789262 4988428.675645,1393496.929227 4988451.604867,1393487.422181 4988452.057346,1393258.005814 4988570.284288,1393105.790796 4988649.108242,1393017.363963 4988694.19721,1392952.85214 4988727.906716,1392931.437464 4988738.931158,1392563.214129 4988928.887993,1392521.445313 4988950.526433);24;X;2;;;;VIA FILADELFIA;B;Bidirezionale;LATO EST DEL CORSO;1712;;4673;531 P;;19-V;;;;3;;DA VIA GUIDO RENI A C.SO GIORDANO BRUNO
LINESTRING (1392521.46716 4988284.323446,1392563.650617 4988250.240944,1392576.28033 4988234.588274,1392600.782136 4988213.381356,1392610.885945 4988207.827186,1392626.799444 4988194.194201,1392674.79259 4988158.344455,1392683.380831 4988146.478713,1392833.82459 4988018.787071,1392963.581713 4987906.472563,1392985.615873 4987886.576228,1392955.391055 4987841.98206);131;;2;;20081206000000;;CORSO COSENZA;M;Monodirezionale;LATO  NORD/EST DEL CORSO;666;X;5142;685 P;;42-V;;;;2;;DA VIA TRIPOLI A PIAZZA PITAGORA
LINESTRING (1392960.584998 4987844.807882,1393137.771661 4987690.018374);132;X;2;;20081206000000;;CORSO COSENZA;B;Bidirezionale;LATO SUD/OVEST DEL CORSO;235;;5142;685 P;;42-V;;;;3;;DA VIA TRIPOLI A  CORSO AGNELLI
LINESTRING (1391986.639098 4988026.530366,1391975.955355 4988043.615345,1391993.35458 4988057.344383,1391999.764787 4988142.464316,1391864.077639 4988247.101336,1391879.950616 4988269.98304,1391764.540609 4988358.22269,1391798.799908 4988404.975072,1391782.344292 4988441.393308);133;X;2;;;;VIA GAIDANO;B;Bidirezionale;MARCIAPIEDE LATO OVEST E LATO NORD DELLA VIA;570;;5334;613 P;;;;;;3;;DA CORSO ORBASSANO A VIA PIETRO BONFANTE
LINESTRING (1391826.3691 4987822.224333,1391821.730476 4987829.160911,1391820.871856 4987830.695084,1391820.067034 4987832.258151,1391819.31698 4987833.848224,1391818.622599 4987835.463387,1391817.984729 4987837.10169,1391817.404139 4987838.761158,1391816.88153 4987840.439787,1391816.417533 4987842.135553,1391816.012706 4987843.846409,1391815.667539 4987845.570293,1391815.382448 4987847.305124,1391815.157776 4987849.048809,1391814.993796 4987850.799245,1391814.890704 4987852.55432,1391814.848625 4987854.311917,1391814.86761 4987856.069914,1391814.947635 4987857.826192,1391815.088606 4987859.578631,1391815.29035 4987861.325117,1391815.552625 4987863.063544,1391815.875115 4987864.791814,1391816.257431 4987866.507841,1391816.69911 4987868.209557,1391817.199621 4987869.894907,1391817.758359 4987871.561858,1391818.374651 4987873.2084,1391819.047753 4987874.832546,1391819.776852 4987876.432336,1391820.56107 4987878.005841,1391821.399461 4987879.551162,1391822.291011 4987881.066435,1391823.234647 4987882.549832,1391824.22923 4987883.999564,1391825.27356 4987885.41388,1391826.366376 4987886.791076,1391827.506361 4987888.129489,1391828.69214 4987889.427505,1391829.922281 4987890.683558,1391831.1953 4987891.896132,1391832.509663 4987893.063765,1391833.863782 4987894.185049,1391835.256025 4987895.258629,1391836.684712 4987896.283211,1391838.14812 4987897.25756,1391839.644482 4987898.180499,1391841.171993 4987899.050915,1391998.271875 4988005.29625,1391986.639098 4988026.530366);87;;10;;;;CORSO ORBASSANO;;;MARCIAPIEDE LATO SUD DEL CORSO;303;;5336;615 P;;;;;;3;;DA CORSO TAZZOLI A P.ZZA OMERO
LINESTRING (1393493.786104 4985823.622293,1393586.293767 4986041.049083,1393689.465494 4986291.83251,1393712.698036 4986346.71697,1393763.910364 4986455.232632,1393773.625847 4986477.1864,1393862.331869 4986697.990702,1393954.891899 4986928.872518,1393967.986583 4986962.647558,1394055.495711 4987172.755436,1394057.641445 4987179.741642);84;;9;;20071206000000;;VIA PIO VII;M;Monodirezionale;MARCIAPIEDI LATO OVEST DELLA VIA;1469;X;850;101 P;;21-V;;;;2;;CORSO GIAMBONE/VIA O. VIGLIANI
LINESTRING (1394088.058323 4987170.249666,1393989.59759 4986930.640699,1393983.261436 4986918.819467,1393927.503375 4986777.808671,1393921.093621 4986771.63266,1393916.869475 4986758.544845,1393916.869475 4986749.678892,1393867.818934 4986628.385573,1393860.637964 4986608.964929,1393801.078197 4986464.576661,1393787.886416 4986438.496811,1393768.45558 4986402.610802,1393735.507619 4986325.35042,1393717.025238 4986282.228766);141;;9;;20071206000000;;VIA PIO VII;M;Monodirezionale;MARCIAPIEDE LATO EST DELLA VIA;964;X;850;101 P;;21-V;;;;2;;DA CORSO TRAIANO A CORSO GIAMBONE
LINESTRING (1399157.054023 4992007.235121,1399127.576494 4992135.13541);71;X;7;;;;CORSO BRIANZA;B;Bidirezionale;BANCHINA CENTRALE;131;;517;63 P;;8c-V;;;;3;;DA PONTE WASHINGTON A CORSO BELGIO
LINESTRING (1400046.897734 4994117.895061,1400015.973792 4994049.852121,1400003.554587 4994021.684866,1399999.016815 4994016.910762,1399961.749942 4993939.998756,1399944.820734 4993917.374925,1399940.065334 4993910.150502,1399935.617022 4993906.330671,1399933.476337 4993920.237512,1399934.903482 4993934.263265,1399926.103049 4993940.087501,1399920.074301 4993929.746629);134;X;7;;;;LUNGO STURA LAZIO;B;Bidirezionale;MARCIAPIEDE LATO OVEST;291;;5557;660 P;;;;;;2;;DALLA MEZZERIA PONTE PO A VIA FATTORELLI
LINESTRING (1398265.586466 4991413.128094,1398188.278698 4991381.46121,1398058.075313 4991331.66199,1398057.42165 4991327.742356,1398053.717884 4991323.82276,1398024.740968 4991310.539558,1398021.255025 4991302.700328,1397894.764922 4991244.448595,1397768.947642 4991174.459959,1397596.906404 4991057.620348);138;X;7;;;;LUNGO PO MACCHIAVELLI;B;Bidirezionale;MARCIAPIEDE LATO SUD;764;;0;;;;;;;3;;DA CORSO REGINA A CORSO SAN MAURIZIO
LINESTRING (1397596.906404 4991057.620348,1397534.272454 4991005.814379,1397449.981861 4990921.869977,1397430.042166 4990901.034882);139;X;1;;;;LUNGO PO CADORNA;B;Bidirezionale;MARCIAPIEDE LATO EST;229;;0;;;;;;;3;;DA CORSO SAN MAURIZIO A PONTE VITTORIO E. 1
LINESTRING (1393696.344813 4988707.946568,1393735.078253 4988780.533666,1393820.572471 4988943.553368,1393919.803449 4989131.926741,1394014.180375 4989310.622911,1394034.965986 4989350.519176,1394033.803983 4989364.26236);23;X;2;;;;CORSO IV NOVEMBRE;B;Bidirezionale;LATO EST DEL CORSO;740;;3896;535 P;;65-V;;;;3;;DA CORSO MONTE LUNGO A CORSO SEBASTOPOLI
LINESTRING (1394033.803983 4989364.26236,1394050.265697 4989393.877907,1394089.967526 4989471.497685,1394125.384637 4989540.356084,1394126.967022 4989542.985144);140;X;1;;;;CORSO IV NOVEMBRE;B;Bidirezionale;MARCIAPIEDE LATO EST;453;;0;;;;;;;3;;DA CORSO MONTE LUNGO A VIA TIRRENO
LINESTRING (1394387.038061 4989204.678825,1394403.96209 4989233.044242,1394420.365415 4989229.400964,1394452.390881 4989294.719481,1394456.274343 4989314.206635,1394463.586783 4989311.634629,1394522.210424 4989274.346996);19;X;1;;;;PIAZZALE COSTANTINO IL GRANDE;B;Bidirezionale;LATO NORD/OVEST DEL PIAZZALE;220;;5628;679 P;;;;;;3;;DA CORSO MONTE LUNGO A CORSO RE UMBERTO
LINESTRING (1393717.025238 4986282.228766,1393698.688043 4986239.445849,1393620.893297 4986050.136568,1393610.305293 4986024.201188,1393525.823352 4985822.81753);142;;10;;20071206000000;;VIA PIO VII;M;Monodirezionale;MARCIAPIEDE EST DELLA VIA;498;X;850;101 P;;21-V;;;;2;;DA VIA O. VIGLIANI A CORSO TRAIANO
LINESTRING (1392521.445313 4988950.526433,1392519.97988 4988951.285604,1392497.941383 4988989.61439,1392498.620421 4989019.477884,1392496.221423 4989019.619621);34;X;2;;;;CORSO SIRACUSA;B;Bidirezionale;LATO EST DELL'INCROCIO;78;;4601;521 P;;;;;;3;;DAL N.C. 95 A VIA FILADELFIA
LINESTRING (1392496.221423 4989019.619621,1392452.669891 4989022.192719,1392447.463697 4989014.953094,1392423.469779 4989001.152545,1392296.849111 4989066.599353,1392199.162637 4989117.81021,1392183.996662 4989125.954832,1392108.924216 4989164.313278);143;X;2;;;;VIA FILADELFIA;B;Bidirezionale;MARCIAPIEDE LATO NORD DELLA VIA;435;;4673;531 P;;19-V;;;;3;;DA VIA GUIDO RENI A C.SO SIRACUSA
LINESTRING (1396930.66926 4989775.89688,1396934.593249 4989781.146096,1396958.266599 4989812.694224,1397010.244876 4989942.945385,1397070.095776 4990091.796149,1397090.031284 4990132.476637,1397103.321586 4990158.213257,1397108.212372 4990186.323938,1397093.552573 4990206.148121);150;X;8;;;;CORSO MONCALIERI;B;Bidirezionale;MARCIAPIEDE LATO OVEST DEL CORSO;474;;1273;168 P;;;;;;3;;DA m 33.00 CIRCA A NORD DEL PROTENDIMENTO IDEALE DEL F.M. NORD DI VIA MILAZZO  A PONTE UMBERTO
LINESTRING (1396090.413514 4990714.955204,1396052.382286 4990645.640578,1395996.454044 4990543.106047,1395929.794222 4990412.868346,1395910.949727 4990376.922861,1395903.561227 4990363.4964,1395899.75512 4990348.055922,1395898.187831 4990345.818185,1395886.769316 4990333.286796,1395875.574708 4990311.80446,1395868.41018 4990291.217194);144;X;1;;;;VIA NIZZA;B;Bidirezionale;TORINO SUD;480;;0;;;;;;;3;;DA CORSO VITTORIO EMANUELE II AL CIV. 12bis
LINESTRING (1395868.41018 4990291.217194,1395864.549634 4990273.567037,1395865.37749 4990259.639759,1395857.922381 4990237.9262,1395832.789828 4990157.154387);145;X;8;;;;VIA NIZZA;B;Bidirezionale;MARCIAPIEDE LATO OVEST DELLA VIA;140;;0;;;;;;;3;;DAL CIV. 12bis A LARGO MARCONI
LINESTRING (1397070.887513 4990467.51029,1397111.53404 4990535.372873,1397167.423054 4990611.083479,1397230.830939 4990694.013896,1397269.629952 4990739.255579,1397319.976232 4990792.807025,1397416.310198 4990892.652395);105;X;1;;;;LUNGO PO DIAZ;B;Bidirezionale;MARCIAPIEDE LATO EST;549;;4009;418 P;;;;;;3;;DA PONTE VITTORIO EMANUELE A PROLUNGAMENTO IDEALE
LINESTRING (1397410.915893 4990892.652356,1397470.730761 4990837.703139);146;;1;;;;PONTE VITTORIO EMANUELE II;M;Monodirezionale;TORINO SUD;81;X;0;;;;;;;2;;DA PIAZZA VITTORIO E. II A MEZZERIA PONTE
LINESTRING (1397431.660464 4990910.200365,1397488.971946 4990855.499667);147;;1;;;;PONTE VITTORIO EMANUELE II;M;Monodirezionale;TORINO SUD;79;X;0;;;;;;;2;;DA MEZZERIA PONTE VITTORIO E.II A PIAZZA VITTORIO
LINESTRING (1397470.730761 4990837.703139,1397534.537661 4990779.086624);148;;8;;;;PONTE VITTORIO EMANUELE II;M;Monodirezionale;TORINO SUD;87;X;0;;;;;;;2;;DA MEZZERIA PONTE VITTORIO E.  II A CORSO MONCARIE
LINESTRING (1397488.971946 4990855.499667,1397552.173805 4990795.176922);149;;8;;;;PONTE VITTORIO EMANUELE II;M;Monodirezionale;TORINO SUD;87;X;0;;;;;;;2;;DA CORSO CASALE A MEZZERIA PONTE VITTORIO E. II
LINESTRING (1396419.101445 4989901.016555,1396218.470971 4989993.740588,1396222.619315 4990003.163788,1395902.273062 4990149.924259,1395892.991606 4990127.260295);101;X;8;;;;CORSO MARCONI;B;Bidirezionale;BANCHINE CENTRALI LATO SUD E NORD DEL CORSO;608;;2473;262 P;;;;;;3;;DA VIA NIZZA A CORSO MASSIMO D'AZEGLIO
LINESTRING (1395832.789828 4990157.154387,1395854.244184 4990149.552749,1395849.522897 4990135.884359,1395858.965536 4990134.582647,1395869.873381 4990137.674267,1395876.38554 4990141.091365,1395892.991606 4990127.260295);102;X;8;;;;LARGO MARCONI;B;Bidirezionale;ATTRAVERSAMENTO DEL LARGO NELLA BANCHINA CENTRALE SUD;87;;5598;406 P;;;;;;3;;LARGO MARCONI
LINESTRING (1394710.886519 4995579.430026,1394703.539575 4995590.886031,1394688.257947 4995614.972985,1394490.050101 4995876.272359,1394294.358306 4996133.964166);155;;5;;20041007000000;;VIA CONFALONIERI;M;Monodirezionale;LATO OVEST DELLA VIA;694;X;1269;170 P;X;4-V;;X;X;2;;DA VIA SANSOVINO A CORSO GROSSETO
LINESTRING (1394396.711838 4990649.603362,1394284.48789 4990433.0333,1394261.958158 4990396.570291,1394199.528327 4990277.696241,1394152.95099 4990193.441421,1394141.59198 4990170.904609,1394136.444924 4990151.91692,1394137.44864 4990121.399379,1394134.196744 4990107.048574);100;X;1;;;;CORSO MEDITERRANEO;B;Bidirezionale;MARCIAPIEDE LATO EST DEL CORSO;607;;3539;599;;;;;;3;;DALLA BRETELLA TRA C.SO LIONE E C.SO MEDITERRANEO A CORSO PESCHIERA
LINESTRING (1393696.218985 4988707.689128,1394045.801011 4988532.377027,1394044.517172 4988537.512386);173;X;2;;;;CORSO SEBASTOPOLI;B;Bidirezionale;AREA PEDONALE PIAZZA D'ARMI;396;;0;0;X;;;;;3;;DA CORSO IV NOVEMBRE A CORSO GALILEO FERRARIS
LINESTRING (1398344.834254 4991435.15141,1399497.722398 4991686.784012,1399577.320466 4991720.163847,1399649.215495 4991771.517439,1399759.625718 4991905.036779,1399826.385388 4991989.770206,1399859.765223 4992069.368274,1399862.332903 4992110.451147,1399862.332903 4992110.451147);174;X;7;;;;LUNGO PO MACCHIAVELLI;B;Bidirezionale;LATO NORD DEL PO;1763;;0;0;X;;;;;3;;DA CORSO REGINA A PONTE DI SASSI
LINESTRING (1394912.488538 4989159.545358,1394968.97749 4989078.66345,1395034.45332 4988975.956266,1395084.523072 4988905.345076,1395106.586345 4988905.924983,1395220.690541 4989172.60164,1395216.973104 4989193.005642,1395184.977671 4989221.682534,1395161.043947 4989235.687449);175;X;1;;;;VIA RAPALLO;B;Bidirezionale;SU AREA PEDONALE ZONA ARQUATA;711;;0;;X;;;;;3;;DA VIA SOLERO SU VIA RAPALLO, VIA PAGANO, CORSO DANTE A VIA FRUGAROLO
LINESTRING (1399247.589466 4991634.024996,1399282.334775 4991488.094695,1399282.334775 4991488.094695);176;X;7;;;;PASSERELLA CHIAVES;B;Bidirezionale;SU TUTTA LA PASSERELLA;150;;0;;X;;;;;3;;DA PIAZZA CHIAVES A CORSO CASALE
LINESTRING (1394123.866729 4989722.304899,1394134.487795 4989723.865772,1394139.456617 4989724.550723,1394143.688034 4989725.706227,1394147.579268 4989728.795381,1394150.542635 4989732.520597,1394153.077717 4989735.962666,1394155.223217 4989743.179348,1394155.028171 4989742.594212);177;X;1;;;;LARGO ORBASSANO;B;Bidirezionale;LATO SUD DELLA PIAZZA;42;;0;0;X;;;;;3;;ATTRAVERSAMENTO DI LARGO ORBASSANO
LINESTRING (1394099.211555 4989775.41023,1394102.43006 4989748.374789,1394120.453688 4989750.949593,1394125.603296 4989702.672019,1394121.74109 4989675.636578,1394113.372977 4989658.256651,1394075.394619 4989613.841284,1394069.60131 4989599.036161,1394089.556041 4989593.886553,1394078.613124 4989566.207411,1394074.107217 4989555.264494,1394123.690207 4989543.475702,1394126.946462 4989542.923794);178;X;2;;;;LARGO ORBASSANO;B;Bidirezionale;ATTRAVERSAMENTO LARGO ORBASSANO LATO OVEST;331;;0;;;;;;;3;;DA CORSO ROSSELLI A VIA TIRRENO
LINESTRING (1392643.242655 4986727.072178,1392597.252117 4986751.361921,1392444.930282 4986465.641373,1392444.930282 4986465.641373);179;X;10;;;;CORSO AGNELLI;B;Bidirezionale;MARCIAPIEDE OVEST DEL CORSO;376;;0;;;;;;;3;;DA AGNELLI CIV.210 A CORSO SETTEMBRINI
LINESTRING (1395503.429428 4994569.10921,1395462.86821 4994614.74058,1394922.897 4995316.95666,1394922.897 4995316.95666);180;X;5;;;;VIA STRADELLA;B;Bidirezionale;SU AREA PEDONALE;947;;0;;;;;;;3;;DA LARGO GIACHINO A CORSO GROSSETO
LINESTRING (1393695.70505 4988710.157819,1393542.806204 4988432.027537,1393541.350025 4988433.483717);181;X;2;;;;CORSO AGNELLI;B;Bidirezionale;MARCIAPIEDE LATO EST DEL CORSO;319;;0;;;0;;;;3;;DA CORSO SEBASTOPOLI A VIA FILADELFIA
LINESTRING (1392522.815064 4990287.574148,1392511.168798 4990286.021313,1392496.028651 4990308.537428,1392486.711637 4990293.78549,1392466.912984 4990282.915641,1392441.679406 4990267.387286,1392425.374632 4990250.694303,1392408.293441 4990227.013561,1392383.448071 4990204.109236,1392363.261209 4990192.07476,1392336.474795 4990181.981329,1392319.005395 4990177.711031,1392301.924204 4990176.158196,1392292.218981 4990182.757747,1392211.85974 4990416.84771,1392207.201234 4990444.79875,1392154.793033 4990463.820986,1392137.711842 4990476.631879,1392126.841993 4990494.10128,1392122.571695 4990510.406053,1392117.913188 4990523.216947,1392112.478263 4990530.204707,1392099.66737 4990536.416049,1392102.773041 4990548.450525,1392110.14901 4990568.637387,1392093.067819 4990576.013356,1392093.067819 4990576.013356);182;X;2;;;;VIALE BURON;B;Bidirezionale;SU TUTTO IL VIALE;773;;0;;;;;;;3;;DA CORSO TRAIANO A CORSO MONTE CUCCO
LINESTRING (1392495.640442 4990308.343324,1392497.193277 4990325.036306,1392502.628202 4990337.8472,1392496.41686 4990344.83496,1392206.813025 4990445.381063,1392206.813025 4990445.381063);183;;2;;;;VIALE BISTOLFI;M;Monodirezionale;CAREGGIATA NORD DEL VIALE;347;X;0;;;;;;;2;;DA CORSO TRAPANI A VIALE BURON
LINESTRING (1392494.475815 4990309.89616,1392488.652682 4990325.424515,1392210.695114 4990421.312112,1392210.695114 4990421.312112);184;;2;;;;VIALE BISTOLFI;M;Monodirezionale;CAREGGIATA LATO SUD DEL VIALE;311;X;0;;;;;;;2;;DA VIALE BURON A CORSO TRAIANO
LINESTRING (1392737.668246 4990249.697547,1392743.616465 4990265.559463,1392728.151096 4990271.90423,1392887.563357 4990369.455016,1392887.563357 4990369.455016);185;X;3;;;;VIA ISONZO;B;Bidirezionale;INTERNO PARCO RUFFINI;221;;0;;;;;;;3;;DA CORSO ROSSELLI A VIA ISSIGLIO
LINESTRING (1392108.98032 4990568.27133,1392311.497954 4990642.977835,1392441.10924 4990693.382223,1392533.817312 4990726.685123);186;X;3;;;;CORSO ALBERTIS;B;Bidirezionale;INTERNO PARCO RUFFINI;453;;0;;;;;;;3;;DA CORSO MONTE CUCCO A CORSO TRAPANI
LINESTRING (1392302.72219 4990412.557771,1392313.523131 4990643.877913,1392313.523131 4990643.877913);187;X;3;;;;VIALE HUGUES;B;Bidirezionale;INTERNO PARCO RUFFINI;232;;0;;;;;;;3;;DA CORSO ALBERTIS A VIALE BISTOLFI
LINESTRING (1392458.062203 4986375.422224,1392492.532979 4986365.190196,1392521.519768 4986363.884485,1392543.194574 4986365.451338,1392563.563668 4986404.10039,1392550.506556 4986413.501511,1392535.882591 4986440.660304,1392530.137462 4986447.450002,1392523.347763 4986453.717416,1392513.946643 4986457.373407,1392502.978669 4986461.551683,1392489.921557 4986463.118536,1392473.730738 4986462.596252,1392459.629057 4986466.774528,1392445.005091 4986465.729959);188;X;10;;;;PIAZZA CAIO MARIO;B;Bidirezionale;INTORNO ALLA ROTONDA DA NORD-EST-SUD;276;;0;;;;;;;3;;ATTRAVERSAMENTO ROTONDA CAIO MARIO
LINESTRING (1392563.690554 4986403.881125,1392579.142208 4986396.921606,1392874.480697 4986255.518993,1392861.219008 4986234.670395);123;X;9;;20071206000000;;VIA ONORATO VIGLIANI;B;Bidirezionale;MARCIAPIEDE LATO NORD DEL CORSO;369;;423;40 P;;68-V;;;;3;;DA PIAZZALE CAIO MARIO A STRADA DELLE CACCE
LINESTRING (1394126.911832 4989542.874763,1394144.055957 4989537.723779,1394148.703967 4989551.466923,1394145.174769 4989565.403658,1394147.880519 4989574.627242,1394151.355434 4989583.53354,1394153.739333 4989591.341461,1394158.000052 4989601.406861,1394193.486345 4989667.932289,1394201.42675 4989686.708153,1394220.793437 4989723.292048,1394224.504841 4989732.717397,1394224.641334 4989751.351347);189;X;1;;;;LARGO ORBASSANO;B;Bidirezionale;MARCIAPIEDE LATO EST DI LARGO ORBASSANO;251;;0;;;;;;;3;;DA VIA TIRRENO A CORSO ROSSELLI
LINESTRING (1396479.097251 4991741.981702,1395533.506248 4992231.408201,1395533.506248 4992231.408201);190;X;1;;;;VIA GARIBALDI;B;Bidirezionale;SU TUTTA L'AREA PEDONALE;1065;;0;;;;;;;0;;DA PIAZZA CASTELLO A PIAZZA STATUTO
LINESTRING (1396186.775017 4990877.060637,1396573.324952 4991598.870711,1396570.823011 4991596.368769);191;;1;;;;VIA LAGRANGE;;;SU TUTTA L'AREA PEDONALE;822;;0;;;;;;;0;;DA PIAZZA LAGRANGE A PIAZZA CASTELLO
LINESTRING (1396316.875966 4990865.801901,1396632.120573 4991477.526556,1396632.120573 4991477.526556);192;;1;;;;VIA CARLO ALBERTO;;;SU TUTTA L'AREA PEDONALE;688;;0;;;;;;;0;;DA VIA MAZZINI A PIAZZA CARLO ALBERTO
LINESTRING (1393071.555352 4990456.438475,1393053.994935 4990447.909129,1393025.898268 4990450.919487,1393028.908625 4990470.988535,1393025.396541 4990499.085202,1393004.825767 4990508.116274,1393005.829219 4990522.666334,1393030.413803 4990652.61342,1393030.413803 4990652.61342);193;;3;;;;PEDONALE SAN PAOLO;;;SU AREA PEDONALE;266;;0;;;;;;;0;;DA VIA SAN PAOLO A VIA LANCIA
LINESTRING (1392776.540345 4990493.566214,1392899.463264 4990486.542047,1392899.463264 4990486.542047);194;;3;;;;PEDONALE SAN PAOLO;;;SU AREA PEDONALE;123;;0;;;;;;;0;;DA VIA ISONZO A VIA ISSIGLIO
LINESTRING (1392917.525408 4990485.036868,1392994.289517 4990480.019606,1393007.836124 4990476.005797,1393019.877553 4990458.947106,1393005.829219 4990380.176092,1393005.829219 4990380.176092);195;;3;;;;PEDONALE SAN PAOLO;;;;192;;0;;;;;;;0;;DA VIA ISSIGLIO A VIA RODOLFO
LINESTRING (1393521.10203 4990767.006994,1393674.128521 4991016.364917,1393673.125069 4991016.364917);196;;3;;;;VIA DI NANNI;;;SU AREA PEDONALE;294;;0;;;;;;;0;;DA CHIOMENTE A PIAZZA SABOTINO
LINESTRING (1394765.194865 4990789.082947,1394787.270818 4990776.790655,1394788.27427 4990758.728512,1395046.349686 4990755.34186,1395046.349686 4990755.34186);197;;3;;;;CORSO TRIESTE;;;SU AREA PEDONALE;301;;0;;;;;;;0;;DA CORSO DUCA A PIAZZETTA BROSIO
LINESTRING (1394832.488892 4990758.101354,1394832.488892 4990734.520223,1394824.461272 4990714.451175,1394803.890498 4990695.887305,1394797.869784 4990690.870043,1394920.792703 4990455.560454,1394920.792703 4990455.560454);198;;3;;;;CORSO TRENTO;;;SU AREA PEDONALE;346;;0;;;;;;;0;;DA CORSO TRIESTE A VIA GALLIANO
LINESTRING (1395086.36235 4990567.947123,1394818.942284 4990709.935639,1394818.942284 4990709.935639);199;;3;;;;CORSO DUCA D'AOSTA;;;SU AREA PEDONALE;303;;0;;;;;;;0;;DA PIAZZALE DUCA A CORSO GALILEO FERRARIS
LINESTRING (1394919.789251 4990456.06218,1394757.731687 4990550.888432,1394755.724783 4990559.919504,1394766.762759 4990582.998909,1394783.319724 4990602.064505,1394820.447463 4990624.140458,1394829.478534 4990630.161172,1394829.478534 4990630.161172);200;;3;;;;VIA ARIMONDI;;;SU AREA PEDONALE;302;;0;;;;;;;0;;DA VIA GALLIANO A CORSO TRENTO
