"","id_stazione","nome","observations","station_operation_days","avg_min_interval","sd_min_interval","max_min_interval","avg_available","avg_spaces","avg_total"
"1","00f2c0f0fac1e5e723bc87d0fd6b90f3","Vittorio Emanuele II 1",718,99.2129861111111,199.23147632312,149.466879281416,2459.4,1.66434540389972,17.9930362116992,19.6573816155989
"2","01ac11c4de440dd1b6ebe47534c269e5","Regina Margherita 1",1864,228.715324074074,176.722782546495,96.1577080123756,3366.25,7.26448497854077,4.59603004291846,11.8605150214592
"3","022da4126aa36e2f187a75fc0581eca0","Padova",1864,228.715324074074,176.722782546495,96.1363218985095,3366.25,9.70600858369099,5.12982832618026,14.8358369098712
"4","025640125a5a3b6846b558c78e65dcda","Valdocco",1866,228.715324074074,176.533369060379,96.1572296229282,3366.25,5.76312968917471,8.11254019292605,13.8756698821008
"5","033bf4115ad956b7af02f5f99f21c1d7","Galileo Ferraris 5",1864,228.715324074074,176.722782546495,96.4954207471789,3366.25,2.89484978540773,10.9307939914163,13.825643776824
"6","03bc5daeb184427e46b2f9a75c26175f","Vittorio Veneto 2",719,99.2137037037037,198.951553082986,149.003155199816,2459.41666666667,5.93045897079277,7.38664812239221,13.317107093185
"7","0445f90ecfe8259f2d8763fa03c73c14","Valentino 2",719,99.2141203703704,198.956629578118,149.115556727194,2459.41666666667,4.52573018080668,7.70792767732962,12.2336578581363
"8","059b848bf0487496d890cb92930f7e61","Montevideo",719,99.2143402777778,198.957093184979,149.223665357085,2459.41666666667,11.3588317107093,14.1863699582754,25.5452016689847
"9","05bada8db0039c68d352ad6871e5ef50","XI Febbraio",718,99.2130092592593,199.231522748375,149.198270368517,2459.4,6.77158774373259,6.38718662952646,13.1587743732591
"10","0904053b19a69a368ca1b25448ac6aa6","Vittorio Emanuele II 6",718,99.2129513888889,199.231406685237,149.590534578786,2459.4,1.86072423398329,10.0640668523677,11.924791086351
"11","098a85a8a39b9fe8acc62aff20f3e894","Ventimiglia",1864,228.7153125,176.722782546495,96.2978924020797,3366.25,8.54935622317597,6.07510729613734,14.6244635193133
"12","0a6330c43c20c909001685ddf37ca48e","Giolitti 2",1864,228.715324074074,176.722782546495,96.2166115346652,3366.25,5.48927038626609,5.69420600858369,11.1834763948498
"13","0a8605833d7a3d6ebf5895cde756b047","Dora Firenze",1864,228.715324074074,176.722782546495,96.1369476247558,3366.25,9.61427038626609,3.78809012875536,13.4023605150215
"14","0c7ddac244be98e27b3249521685e480","Corso Garibaldi",2583,328.179837962963,182.981100787198,113.3939618675,3366.25,2.46457607433217,7.13627564847077,9.60085172280294
"15","0df8838da4cf2ffe0eaf28629b902dd7","Municipio",2582,328.179907407407,183.052007487736,114.037371712308,3366.25,2.80867544539117,3.05112316034082,5.85979860573199
"16","0e2318bc0b4a9ba37e83407dbdab15e6","Paleocapa",1863,228.715324074074,176.817641796386,96.5177512483394,3366.25,5.49919484702093,8.83574879227053,14.3349436392915
"17","11c6ccc569e1b91fe1e9d238f97f4a32","Paravia",717,99.2128240740741,199.509019060902,153.314258051137,2517.95,4.16596931659693,9.2231520223152,13.3891213389121
"18","12cfe32e7bb1c6f0d1b3d84ee82d39c8","Arcivescovado",719,99.2133333333333,198.955053314789,149.193599688407,2459.41666666667,2.66759388038943,10.1043115438108,12.7719054242003
"19","13e6512cfbf9d0437198b6dcd9025752","San Maurizio",719,99.2135185185185,198.951182197497,149.086208512475,2459.41666666667,10.8108484005563,13.7176634214186,24.528511821975
"20","140c9dad0e1a4b3b2a953c532fc33051","Mauriziano 2",719,99.2140856481481,198.956560037089,149.077183351794,2459.41666666667,6.28094575799722,8.4547983310153,14.7357440890125
"21","149739218fc435b5b26799ea76b69b37","Giambone",1863,228.7153125,176.817641796386,96.1126870615303,3366.25,7.99409554482018,7.46591519055287,15.4600107353731
"22","14ec1cf2e6948f5188cb254735cbd5a2","Politecnico 4",1863,228.715324074074,176.817641796386,96.5220455567918,3366.25,3.51207729468599,10.3832528180354,13.8953301127214
"23","156382e82518f8d4213e0a5c6ced57a7","Umbria",1863,228.7153125,176.817641796386,96.415986029029,3366.25,4.54589371980676,3.26247987117552,7.80837359098229
"24","15af4cdd63c01ecaf5851e36c8faf608","Bologna",717,99.2128472222222,199.509065550907,153.190006456052,2517.65,8.09344490934449,3.85634588563459,11.9497907949791
"25","163be8fb0f20f48da88c5200c1d141b5","Ferrucci",719,99.2141319444444,198.956652758461,149.349986020148,2459.41666666667,5.73713490959666,8.17246175243394,13.9095966620306
"26","1825490441115feb4023cddf31adea7b","Consolata",1864,228.715324074074,176.722782546495,96.5201120586746,3366.25,4.24356223175966,9.62982832618026,13.8733905579399
"27","187826d93c3e51c4ddf0bba53c82dd72","Nizza 3",1863,228.7153125,176.817641796386,96.4960138705031,3366.25,6.53140096618357,4.19055287171229,10.7219538378959
"28","1916e772eb3e6c88b37a0f584da1e333","Regina Margherita 3",719,99.2140277777778,198.956444135373,149.068821958763,2459.41666666667,8.39360222531293,5.83310152990264,14.2267037552156
"29","19b8fecf43949e7983464715a42843b8","Vittorio Veneto 2",1865,228.715324074074,176.628025022341,95.9951456000821,3366.25,7.20536193029491,6.15603217158177,13.3613941018767
"30","1b05f5addeb0b7d521e473768f910fbc","Sebastopoli",1862,228.7153125,176.912602935911,96.4929961843407,3366.25,6.37540279269603,7.42642320085929,13.8018259935553
"31","1cb4aa4fa03f3436e8fffc4c83ec7b89","Tortona",104,13.6217939814815,190.335897435897,49.1084321776327,541.066666666667,0,0,0
"32","1dd287d6cbee79d6e3bd5a9d531ced58","Nizza 1",1864,228.715324074074,176.722782546495,96.1172307654022,3366.25,4.12017167381974,12.7017167381974,16.8218884120172
"33","1e13062df679b8d771bf2647b0fedf9b","Bodoni",719,99.2136458333333,198.95143718127,148.989929422852,2459.41666666667,4.57440890125174,8.60222531293463,13.1766342141864
"34","1e35858171dffe2c7408cf08242ef0c2","Filadelfia",1862,228.7153125,176.912602935911,96.5368944645047,3366.25,7.71535982814178,5.32116004296455,13.0365198711063
"35","1e75e19871a84230f63a298e9f84346a","Bertola",1864,228.715324074074,176.722782546495,96.1590595082081,3366.25,2.18401287553648,6.82618025751073,9.01019313304721
"36","1ec2aef864a2468e32ab11b283a23aa4","Regina Margherita 2",1863,228.715324074074,176.817641796386,96.4380272620369,3366.25,4.25872249060655,3.73161567364466,7.99033816425121
"37","1f88becd388f54a51c842599f89a8ef4","Politecnico 3",1865,228.715324074074,176.628025022341,96.0975598183524,3366.25,4.00643431635389,8.63270777479893,12.6391420911528
"38","20b7061dc73f36e7cf5124364e441884","Carrara",1864,228.715324074074,176.722782546495,96.118053049963,3366.25,11.1512875536481,6.61748927038627,17.7687768240343
"39","22743c60546a6b5713094662d6940f4e","Lupo",2584,328.179675925926,182.910197368421,113.748008859378,3366.25,3.02825077399381,3.85023219814242,6.87848297213622
"40","22c5f7879529b068f8b5cc957c64c290","Castello 1",1864,228.715324074074,176.722782546495,96.1972672837892,3366.25,4.73712446351931,10.343347639485,15.0804721030043
"41","248d4542158dc35ace927f698f059a14","Porta Susa 2",717,99.2128587962963,199.509088795909,153.113837547482,2517.88333333333,3.36680613668061,8.93444909344491,12.3012552301255
"42","2686d47d216947c7fdf91474819d6054","Borromini",1864,228.715324074074,176.722782546495,96.1179852373757,3366.25,7.29881974248927,5.50160944206009,12.8004291845494
"43","26a6631b10b148b217942bd7d50e0e13","Dalla Chiesa / Pastrengo",2582,328.179710648148,183.051897753679,114.156989572122,3366.25,2.85476374903176,5.09256390395043,7.94732765298218
"44","26bc819b3c2d41e510727b40d60fb782","Regina Margherita 4",1865,228.715324074074,176.628025022341,95.9950963798241,3366.25,9.14584450402145,7.50455764075067,16.6504021447721
"45","2703d498858c74efb1028a04355e954d","Maria Vittoria",719,99.2136921296296,198.951529902643,149.129725316236,2459.41666666667,5.11265646731572,6.07232267037552,11.1849791376912
"46","29429131a6fe32729fb1e4dc5e582c70","Giolitti 1",719,99.2133449074074,198.955076495132,149.248855980242,2459.41666666667,4.60917941585535,10.3421418636996,14.9513212795549
"47","2995688bbd23361bb4bc786f627f7dcc","Mauriziano 1",719,99.2140740740741,198.956536856745,149.073936414207,2459.41666666667,5.07510431154381,8.45897079276773,13.5340751043115
"48","2aad166492e099938af239a535d770e3","Municipio",2584,328.179849537037,182.910294117647,113.785199920256,3366.25,3.93962848297214,7.90402476780186,11.843653250774
"49","2bf7fcbcdd03427d49d057a3f4d4b378","Valdocco 2",718,99.2128935185185,199.231290622098,149.453933496996,2459.4,2.62395543175487,9.64484679665738,12.2688022284123
"50","2cca020a278f2cd56ca7581e18083fe8","Fiume",1864,228.715324074074,176.722782546495,96.1569996882421,3366.25,7.6131974248927,4.32886266094421,11.9420600858369
"51","2d194b226c679c1a5925fbeff503b46a","RAI",1863,228.715324074074,176.817641796386,96.4392897711407,3366.25,6.03542673107891,8.2061191626409,14.2415458937198
"52","2dcd8684a310cf5fcd5fe779a1f6cb30","Galileo Ferraris 6",1863,228.7153125,176.817641796386,96.1138837757944,3366.25,8.20021470746108,7.90284487385937,16.1030595813205
"53","2e5d34729aa799ddd19a8874bfb6da6d","Bolzano",1863,228.715324074074,176.817641796386,96.5156680461561,3366.25,2.40418679549114,11.1186258722491,13.5228126677402
"54","2efd70416b5b3b30866eb969f219e5b3","San Maurizio",1864,228.715324074074,176.722782546495,96.238713629414,3366.25,12.3159871244635,11.674356223176,23.9903433476395
"55","2f7211e1e71be5137f7fc1cc54b76c54","Piazza d`Armi",1864,228.715324074074,176.722782546495,96.2197715221325,3366.25,7.39538626609442,6.70922746781116,14.1046137339056
"56","303a69d345b44b6f299bbd46c7f28b47","Padova",719,99.213287037037,198.954960593417,149.07866588244,2459.41666666667,8.14186369958275,6.71210013908206,14.8539638386648
"57","30b9864f41b620e36792a23b67b4f25b","Galimberti",719,99.2143055555556,198.957000463607,149.216090362294,2459.41666666667,5.79415855354659,2.94297635605007,8.73713490959666
"58","30da0d2ffefa2cf6a1d8fefb878c0740","Bodoni",1864,228.715324074074,176.722782546495,96.1373476045182,3366.25,5.49248927038627,7.93401287553648,13.4265021459227
"59","32ba97a470322f9c24e302cd33e4ec14","Matteotti 2",1864,228.715324074074,176.722782546495,96.2145207474145,3366.25,2.57188841201717,9.40987124463519,11.9817596566524
"60","32bd47d7da06d008cb1e06a8a6116b11","Marconi 1",719,99.2137731481481,198.951692165044,149.253386788399,2459.41666666667,3.83588317107093,8.3769123783032,12.2127955493741
"61","3344c7fa7f1807b214d229dd5a419bb2","Cimitero Monumentale",1864,228.715324074074,176.722782546495,96.4791266144109,3366.25,7.76609442060086,4.9206008583691,12.68669527897
"62","33714b6419767c5e680c7e4d26166ce3","Lagrange",719,99.2132986111111,198.95498377376,149.081318550194,2459.41666666667,2.59109874826147,11.0083449235049,13.5994436717663
"63","338fbf79f24c27cd461b44faff6109ad","Solferino 2",54,6.87335648148148,186.663888888889,34.2967591952912,360.8,3.38888888888889,6.33333333333333,9.72222222222222
"64","33c0c23b9afc876815f7bc01af153b03","Solferino 2",1863,228.715324074074,176.817641796386,96.4183692463592,3366.25,3.20450885668277,7.06172839506173,10.2662372517445
"65","3414d080023cebbea3a908927270081f","Molinette 1",1863,228.715324074074,176.817641796386,96.5148140224498,3366.25,7.61728395061728,18.7326892109501,26.3499731615674
"66","35696172dd6ffaea0ea9cb0fc5d80ec8","Matteotti 1",721,99.2131597222222,198.402820157189,149.210292471335,2459.41666666667,2.0624133148405,11.8876560332871,13.9500693481276
"67","35b04951c2165bc1eb926bac1820093a","Pio VII 2",1863,228.7153125,176.817641796386,96.1928010096352,3366.25,7.9296833064949,6.28878153515835,14.2184648416532
"68","38d1439b1df809b01429cd75224c1581","Regio Parco",719,99.2139930555556,198.956374594344,149.063204134751,2459.41666666667,7.14881780250348,5.43115438108484,12.5799721835883
"69","3986db5921de12faeb0fe7bec603720e","Maria Vittoria",1864,228.715324074074,176.722782546495,96.1173177566809,3366.25,6.57564377682403,5.41362660944206,11.9892703862661
"70","39bf4ae589293add2a6996c1cccdb41d","Galimberti",1863,228.7153125,176.817641796386,96.0926413495818,3366.25,7.54052603327966,6.13150831991412,13.6720343531938
"71","39ca8cd6625f0bfc3b1befb8578e27c3","Cimitero Monumentale",718,99.2130208333333,199.231545961003,151.874747603696,2579.41666666667,6.32729805013928,4.20891364902507,10.5362116991643
"72","3a8b20e202973c3388dfe804f5a13e37","Galileo Ferraris 3",1864,228.715324074074,176.722782546495,96.2819638651237,3366.25,3.07135193133047,10.3884120171674,13.4597639484979
"73","3ab15eeb9edc09a6c6594bfde93194b8","Stati Uniti 1",1865,228.715324074074,176.628025022341,96.1141322967627,3366.25,2.77855227882038,12.1227882037534,14.9013404825737
"74","3bae7415d8eb21cd1144b69dc45f7f3b","Livorno",719,99.2142013888889,198.956791840519,149.291187644982,2459.41666666667,7.16272600834492,6.98052851182197,14.1432545201669
"75","3c1c5c0914a37de93c7f62ffedfcfa93","Pietro Micca",718,99.212962962963,199.231429897864,149.46403024159,2459.4,2.56267409470752,8.82451253481894,11.3871866295265
"76","3ca8e1aa2c9f67c01d606ebe5b6d1c27","Galileo Ferraris 2",1864,228.715324074074,176.722782546495,96.1367370118565,3366.25,3.72263948497854,8.62982832618026,12.3524678111588
"77","3cbdf6324a23e8291ff87f7e38e5dfb0","Torino Esposizioni",719,99.2136111111111,198.951367640241,148.98482986924,2459.41666666667,5.65507649513213,7.28372739916551,12.9388038942976
"78","3d089e03c95741168193370cdd3cb994","Tortona",579,64.7991203703704,161.264133563615,83.627648462589,1439.91666666667,0,0,0
"79","3ebabf483764faba24fdb48b7171f9b3","Dante",719,99.2140625,198.956513676402,149.073818547544,2459.41666666667,4.5855354659249,4.19054242002782,8.77607788595271
"80","3efb6dc2caf480a9a866b8245bf5561e","Turati",1864,228.715324074074,176.722782546495,96.1967866616717,3366.25,6.19957081545064,7.25858369098712,13.4581545064378
"81","3f07426ae5c0ea43a8feae264c10bf0d","Castelfidardo",1864,228.67494212963,176.722782546495,96.1335994629221,3366.25,2.08315450643777,14.43830472103,16.5214592274678
"82","41e2bbbe98e07770f0fef01e3f8cb91f","Umbria",719,99.214212962963,198.956815020862,149.210732752067,2459.41666666667,4.64116828929068,3.16550764951321,7.80667593880389
"83","43303e15a7af6712542939953a33f5bc","Giardini Cavour",1864,228.715324074074,176.722782546495,96.1161980610024,3366.25,7.09227467811159,5.61802575107296,12.7103004291845
"84","43d87906a933d45831102fb24d127f19","Spezia 1",1865,228.7153125,176.628025022341,95.9927071162482,3366.25,9.38230563002681,7.4798927613941,16.8621983914209
"85","44f0d7cd1a80641e5efcb16e15870c9f","Castello 2",719,99.2134953703704,198.95113583681,149.203922848356,2459.41666666667,4.78442280945758,15.4561891515994,20.240611961057
"86","474ebf1a9f3bd0b94bbd1edcf4f31329","Belgio 2",1864,228.715324074074,176.722782546495,96.2407766457265,3366.25,9.67972103004292,3.68562231759657,13.3653433476395
"87","4857953654e96658febd72bc5af8bc5d","Giordano Bruno",719,99.2133101851852,198.955006954103,149.082462608272,2459.41666666667,6.72600834492351,12.019471488178,18.7454798331015
"88","4867e03cce4df98f29ce107d36a7d946","Orbassano",719,99.2136689814815,198.955725544738,149.162642598532,2459.41666666667,7.3518776077886,8.20445062586926,15.5563282336579
"89","4881a69c1d531ca10fe33f067806a36a","Bava",1865,228.715324074074,176.628025022341,96.2406895852522,3366.25,8.72386058981233,7.18981233243968,15.913672922252
"90","48ed2e628860d3c692cfff62d3b3c23f","De Amicis",719,99.2135648148148,198.95551692165,148.982700100669,2459.41666666667,6.09596662030598,7.39777468706537,13.4937413073713
"91","4d061bbd664b065900293c31abcdc405","Piazza Nizza",1862,228.7153125,176.912602935911,96.4974292727311,3366.25,6.16809881847476,12.984425349087,19.1525241675618
"92","4e8a8ea53e1bdcb4c9d92999c66a77e9","Politecnico 2",719,99.2138657407407,198.95611961057,149.042830218371,2459.41666666667,3.07649513212796,12.2378303198887,15.3143254520167
"93","4e8b78ae051b1ec0ae1e3461890f189d","Matteotti 3",721,99.2131944444444,198.402889505317,149.214669546147,2459.41666666667,2.32177531206657,19.1081830790569,21.4299583911234
"94","4f1f47a0fd8f7638fe76b838a01ee245","Lingotto Fiere",1864,228.7153125,176.722782546495,96.1148234175226,3366.25,11.4270386266094,8.39699570815451,19.8240343347639
"95","4f2b192217e2894d53f71b2065026767","Vittorio Emanuele II 3",1864,228.715324074074,176.722782546495,96.117302832062,3366.25,3.77843347639485,12.556330472103,16.3347639484979
"96","4f7e6afbdf3affdc419a293342ebb1ab","Vittorio Emanuele II 5",719,99.2136574074074,198.955702364395,149.108288457482,2459.41666666667,4.69123783031989,10.1808066759388,14.8720445062587
"97","5028f6c6a2c3ab5c46807a66e821e802","Sant´Anselmo",719,99.2137615740741,198.951668984701,149.024211824248,2459.41666666667,4.27816411682893,14.481223922114,18.759388038943
"98","521c60f663967bf1ccd6570da04b715f","Porta Nuova 2",719,99.213275462963,198.954937413074,149.077341235607,2459.41666666667,4.00834492350487,18.6522948539638,22.6606397774687
"99","53a856e2cd42e9bfbc022f6cdc6d2e1c","Cernaia",718,99.2128819444444,199.231267409471,149.585280284461,2459.4,2.99303621169916,9.74512534818941,12.7381615598886
"100","55a8cea30652b24b4a87035c013fd125","Sant´Anselmo",1812,228.715324074074,181.79429727741,228.542123582613,8977.31666666667,5.73951434878587,12.0480132450331,17.787527593819
"101","56ac4933540413aa2cd3c7869d11bd18","Belgio 2",719,99.2138194444444,198.951784886416,149.031029516425,2459.41666666667,12.0361613351878,7.58970792767733,19.6258692628651
"102","583e2a7684d746923ce519089b6e9447","Nizza 2",719,99.2132523148148,198.954891052388,149.06777868478,2459.41666666667,2.84005563282337,14.3894297635605,17.2294853963839
"103","5940387676f4d36d8e18a379fdcfb0cd","IV Marzo",580,64.7991203703704,160.986091954023,83.7409211091951,1439.93333333333,0,0,0
"104","5ac7801a46364292ee3995b3ade01952","Valentino 2",1865,228.715324074074,176.628025022341,96.0803698396724,3366.25,5.12278820375335,7.64504021447721,12.7678284182306
"105","5ce4d449d03c24bd7a1d2baea2630228","Turati",719,99.2141435185185,198.956675938804,149.084638288143,2459.41666666667,5.42559109874826,6.80806675938804,12.2336578581363
"106","5d14bc0345ad76855d580fa56d27127f","Castelfidardo",719,99.2141898148148,198.956768660176,149.308272993591,2459.41666666667,3.26147426981919,11.980528511822,15.2420027816412
"107","5ddfdcc1a26f93a88b4561ccd20eb3b5","Madama Cristina",1865,228.715324074074,176.628025022341,96.0147171580793,3366.25,2.38713136729223,4.89544235924933,7.28257372654156
"108","5f2016151f059cf8d6282fe15f36d270","Universita`3",296,27.7974421296296,135.437556306306,74.8139723925745,900.4,4.38175675675676,9.18243243243243,13.5641891891892
"109","5fec3710584f4dd43dec9aa89b24087a","Valdo Fusi",719,99.2136342592593,198.955656003709,148.987804951075,2459.41666666667,4.09318497913769,9.48817802503477,13.5813630041725
"110","62e1229a487243fb01fa03af26e69b01","Valdocco",718,99.2129166666667,199.231337047354,149.455962622972,2459.4,5.78272980501393,7.55571030640669,13.3384401114206
"111","63ce8d81d872f29d52fa5ccc3a4ea9b1","Filadelfia",6,0.874189814814815,240.052777777778,147.608383688682,541.35,11.1666666666667,1.66666666666667,12.8333333333333
"112","6473a97f439b97bf3185f8e7b28cb69c","Cernaia",1866,228.715324074074,176.533369060379,96.2164626884792,3366.25,3.11039657020364,10.5921757770632,13.7025723472669
"113","655591c1d8a7c1c33bc8060028aadc2a","Rigola",2582,328.179884259259,183.051994577847,114.038016635852,3366.25,1.3009295120062,7.46127033307514,8.76219984508133
"114","655dc87138178b562f01d842b89e974a","Pio VII",719,99.2142824074074,198.956954102921,149.213950247031,2459.41666666667,8.45897079276773,3.42141863699583,11.8803894297636
"115","667249c62f287db7e329d77771d9cf41","Paleocapa",721,99.2131712962963,198.402843273232,149.212980654115,2459.41666666667,3.12066574202497,8.5381414701803,11.6588072122053
"116","668cab06a032838852f2c985a2cedc3b","Galileo Ferraris 2",719,99.2138541666667,198.951854427446,149.039939584725,2459.41666666667,3.12934631432545,7.70653685674548,10.8358831710709
"117","684e737c7e0502c3b6274620a03c57fb","Porta Susa 2",1865,228.715324074074,176.628025022341,96.3053465117689,3366.25,5.17855227882038,10.1587131367292,15.3372654155496
"118","687e1840a45c92627f96cf91cd46bd2f","Porta Nuova 1",1865,228.715324074074,176.628025022341,96.3231621116825,3366.25,8.11045576407507,15.4573726541555,23.5678284182306
"119","68baba95230c8881058a9344a3596734","Valdocco 2",1866,228.715324074074,176.533369060379,96.0750202448166,3366.25,2.95069667738478,10.6682743837085,13.6189710610932
"120","6926d60ef8a950caf2817c5bfccacd9c","Corte d`Appello",1865,228.715324074074,176.628025022341,96.1770470377899,3366.25,3.77908847184987,9.15495978552279,12.9340482573727
"121","69405db8dd01f61096d9b108380d5043","Pietro Micca",1865,228.715324074074,176.628025022341,96.258681348337,3366.25,3.97855227882038,8.96085790884718,12.9394101876676
"122","6ada4564cfb797b8829b59ec7742e2ed","Universita`",2583,328.179652777778,182.980997548071,113.798824154727,3366.25,3.4351529229578,10.1200154858691,13.5551684088269
"123","6af4b1358299a1f200a14e7298fb6643","Valdo Fusi",1863,228.715324074074,176.817641796386,96.6595292673996,3366.25,5.73322597960279,8.43800322061192,14.1712292002147
"124","6dfacb8f11c7d84f6a4de5a6c4843a45","Fermi",2584,328.179756944444,182.91024251806,113.853819707651,3366.25,5.16911764705882,12.0131578947368,17.1822755417957
"125","6f4b8aa6a942a00964e19a2871c1e9fe","Ferrucci",1864,228.715324074074,176.722782546495,96.1376682450328,3366.25,5.56545064377682,7.77360515021459,13.3390557939914
"126","6f52a55407dd1c22e3b5fcb73a23ee5a","Sommeiller",1866,228.715324074074,176.533369060379,96.1164484383906,3366.25,4.29153269024652,6.46570203644159,10.7572347266881
"127","6f7549bea746384a7a9868d1f8785f1c","Castello 1",719,99.2134722222222,198.951089476124,149.081397600318,2459.41666666667,3.12656467315716,11.538247566064,14.6648122392211
"128","7448dbc6ff21976efad0893651c90a85","Bertola",719,99.2134490740741,198.95528511822,149.077366839033,2459.41666666667,2.50486787204451,11.4047287899861,13.9095966620306
"129","7499529ee8a0a9e4870dea24cc4b330f","Porta Palatina",580,64.7991203703704,160.986091954023,83.4432367792962,1439.93333333333,4.24137931034483,7.40862068965517,11.65
"130","74d0102b3ec34076c011a8e21a9d8c28","CLN",1865,228.715324074074,176.628025022341,96.0800216137162,3366.25,3.0514745308311,4.40750670241287,7.45898123324397
"131","74d171b578136bcb9a95bc25ebe654ee","Bava",721,99.2131134259259,198.402750809062,149.329004054515,2459.41666666667,8.45353675450763,6.33841886269071,14.7919556171983
"132","757440e85510a3c6c6b83e455bf6ab33","Marconi 1",1865,228.715324074074,176.628025022341,95.9959180517998,3366.25,4.58445040214477,7.21823056300268,11.8026809651475
"133","75be188ad8a1e26e09b945659599c2c1","O.G.R.",719,99.2137268518518,198.951599443672,149.050714318533,2459.41666666667,3.5201668984701,14.3727399165508,17.8929068150209
"134","75f7e1a9926635ef44f5e6a80bfdc09f","Regina Margherita 4",719,99.2135069444444,198.951159017153,149.084044718258,2459.41666666667,6.86648122392211,9.87899860917942,16.7454798331015
"135","77e77de1eeff89cff817a0616b6c76b6","Statuto 2",718,99.2129976851852,199.231499535747,149.470904680493,2459.4,3.43871866295265,9.75348189415042,13.1922005571031
"136","7834c76b788db0c7f9bc130bc2dcedd4","Castello 2",1863,228.715324074074,176.817641796386,96.7394014164027,3366.25,6.34514224369297,12.8491680085883,19.1943102522813
"137","78588808309cc54bf936b7647a62e0a7","Galileo Ferraris 4",1865,228.715324074074,176.628025022341,96.1800018126968,3366.25,3.8058981233244,19.2573726541555,23.0632707774799
"138","7a2d2189b2c77bf77cf48728e207c486","Lagrange",1865,228.715324074074,176.628025022341,96.0997877047092,3366.25,4.41930294906166,8.76193029490617,13.1812332439678
"139","7a923dcd39517c945a38d09f86039a32","Matteotti 3",1865,228.715324074074,176.628025022341,96.0345724005216,3366.25,3.10563002680965,19.0664879356568,22.1721179624665
"140","7aacdceecb6143183185e9d182821fe3","Principi d`Acaja 1",719,99.213912037037,198.956212331943,149.049413329214,2459.41666666667,3.80250347705146,9.52433936022253,13.326842837274
"141","7bab9c15c77104412b391ebe188346af","Porta Palatina",711,98.0884606481481,198.911533052039,149.51276120886,2459.41666666667,3.73839662447257,8.70042194092827,12.4388185654008
"142","7bca8a3ba888cc51fa918a67b59ec761","Sommeiller",718,99.2129050925926,199.231313834726,149.725088129943,2459.4,3.39136490250696,6.65181058495822,10.0431754874652
"143","7c35ff96c38504cba80c629c7e49617b","Carlo Alberto",1865,228.715324074074,176.628025022341,96.1570504535839,3366.25,5.24611260053619,7.81662198391421,13.0627345844504
"144","7c3aec60b271b1e9ad200b335f499255","IV Marzo",720,99.2130439814815,198.678171296296,149.122858551218,2459.41666666667,3.90833333333333,18.9166666666667,22.825
"145","7d05992e00a00bb8a7e14e60a816aac2","Tortona",1179,149.795127314815,183.108849307323,104.038892506302,3366.25,10.2578456318914,5.62425784563189,15.8821034775233
"146","7dcf829c0482125b211b89eb5844b675","Universita` 1",719,99.2135532407407,198.955493741307,148.980007064648,2459.41666666667,6.70236439499305,9.77746870653686,16.4798331015299
"147","7e5a6293440ed4d665c26462cd114ff4","Reggia",2582,328.179826388889,183.051962303124,114.106832556629,3366.25,3.05112316034082,3.76413632842758,6.8152594887684
"148","7e96f731b9be24aa6809d4f086a8c68e","Livorno 2",1864,228.7153125,176.722782546495,96.1148603491852,3366.25,7.69957081545064,8.11158798283262,15.8111587982833
"149","808f2aa41bc2dc947db6bfe6585fc133","Belfiore",719,99.2137847222222,198.951715345387,149.154206995833,2459.41666666667,4.19193324061196,7.71627260083449,11.9082058414465
"150","80985a9063347ab86abae8211ae7fadf","Nizza 3",719,99.2142592592593,198.956907742235,149.20796950589,2459.41666666667,8.70653685674548,3.04728789986092,11.7538247566064
"151","81a2a8dc4259577e87a0ce15f09ff782","Molinette 2",1864,228.715324074074,176.722782546495,96.1359283695504,3366.25,9.24839055793991,5.23497854077253,14.4833690987124
"152","81d625ed4c74d8febd7892c26dc1f3f7","IV Marzo",1284,163.666921296296,183.691523883697,100.677604790163,3366.25,4,16.6028037383178,20.6028037383178
"153","830efaa8346926a8448a231d6028067c","Mauriziano 2",1864,228.715324074074,176.722782546495,96.3034002512524,3366.25,6.03326180257511,7.89109442060086,13.924356223176
"154","8341acb6670a6aee0d7e63cfca3ff152","Giolitti 1",1863,228.715324074074,176.817641796386,96.4379855012169,3366.25,5.43263553408481,9.9951690821256,15.4278046162104
"155","8353d3bd1c05ed80020d556869f03f08","Gran Madre",1865,228.715324074074,176.628025022341,96.0783080768282,3366.25,6.34798927613941,4.60697050938338,10.9549597855228
"156","8445975fcb2fd864e381ddf09407057b","Stati Uniti 1",719,99.2134837962963,198.951112656467,149.216835241112,2459.41666666667,2.41585535465925,12.4659248956885,14.8817802503477
"157","851303515a8f2fd76e51e0a609d1e4d9","Livorno",1863,228.67494212963,176.817641796386,96.6003598538971,3366.25,7.86849168008588,7.85614600107354,15.7246376811594
"158","854c87f0eb5fd195f280a7dbc61fa39a","Baretti",1864,228.715324074074,176.722782546495,96.2212010338145,3366.25,4.65504291845494,9.76341201716738,14.4184549356223
"159","87b62141bf8297b1b4e5b4bfe52c5cac","Giulia di Barolo",1865,228.715324074074,176.628025022341,96.0979111039368,3366.25,7.66756032171582,3.88847184986595,11.5560321715818
"160","88cfc47b6970baabea2458af8fcc305b","Porta Nuova 2",1864,228.715324074074,176.722782546495,96.2383359362675,3366.25,6.25107296137339,18.5477467811159,24.7988197424893
"161","89133cb9d5cfa00e1733665ec0ec7dbc","Municipio",2583,328.179780092593,182.981068524971,113.884674396742,3366.25,2.75725900116144,3.83546264034069,6.59272164150213
"162","8a3a53282bb598dd7af17e701d9800ff","RAI",719,99.2135300925926,198.955447380621,149.090188517577,2459.41666666667,5.32545201668985,8.80667593880389,14.1321279554937
"163","8bca5f91b24693d216f576525e7c1647","Largo Oropa",2582,328.179918981481,183.05201394268,114.090807666623,3366.25,5.46127033307514,1.23741285824942,6.69868319132455
"164","8c12fcd7311c98e9a948af38caa4d051","Certosa / P.le Avis",2584,328.179699074074,182.910210268318,113.737756421975,3366.25,1.12693498452012,1.64551083591331,2.77244582043344
"165","8d0923df4f487be62b1d41b9229714b1","Lione",719,99.2134606481481,198.955308298563,149.077994569609,2459.41666666667,4.07649513212796,6.25173852573018,10.3282336578581
"166","8d5cc1c49d81c66760c500a922d80b5c","Europa Unita",2583,328.179791666667,182.981074977416,113.846628151359,3366.25,2.59272164150213,2.74603174603175,5.33875338753388
"167","8d905cb233d02886d288c0185f870832","Tribunale",2583,328.179131944444,182.980700735579,114.007027263333,3366.25,0,0,0
"168","8e8de5efc9bbc722629d8956c897bdea","Consolata",718,99.2129282407407,199.231360259981,149.588410367405,2459.4,4.62395543175488,7.96518105849582,12.5891364902507
"169","8fa4807880ed26b205517a071dca0c21","Savonera",2582,328.17974537037,183.051917118513,113.991452241694,3366.25,1.60263361735089,6.66653756777692,8.26917118512781
"170","8fe5434fe7ec6c7e1c1fa865ce2d3444","Carrara",719,99.2138078703704,198.951761706073,149.028376456664,2459.41666666667,9.61335187760779,7.99304589707928,17.6063977746871
"171","92b1ecbf2a2372db24c7c9b1c907965a","De Gasperi",719,99.2139467592593,198.956281872972,149.177556481031,2459.41666666667,4.6759388038943,9.557719054242,14.2336578581363
"172","9308a26d3b094dd3db5e39f049067c24","De Gasperi",1864,228.715324074074,176.722782546495,96.1789683623197,3366.25,5.57510729613734,9.86802575107296,15.4431330472103
"173","937051dc39cd2b869dfb14c0c9ec2e21","Matteotti 1",1864,228.715324074074,176.722782546495,96.2222667822261,3366.25,2.67757510729614,7.3744635193133,10.0520386266094
"174","93cc68b058bc0ea16b730c0d8254a460","Meucci",1864,228.715324074074,176.722782546495,96.136385763411,3366.25,3.61856223175966,13.3572961373391,16.9758583690987
"175","93d1d41761adc26f853a3d82987f0d57","Giulia di Barolo",719,99.2140046296296,198.956397774687,149.201649378835,2459.41666666667,6.60778859527121,4.04172461752434,10.6495132127955
"176","948f10ebf65727d04a046fb92ba6ca82","Giambone",719,99.2143287037037,198.957046824293,149.352808674942,2459.41666666667,8.55910987482615,6.0778859527121,14.6369958275382
"177","94fb494abcb6323bee9726f8b2950ff4","Livorno 2",719,99.214224537037,198.956838201205,149.172275818718,2459.41666666667,6.16411682892907,8.1182197496523,14.2823365785814
"178","98429a4e5f54ed15e8f8a58093f55227","Vittorio Emanuele II 3",719,99.2132638888889,198.954914232731,149.208298671893,2459.41666666667,2.21140472878999,13.2350486787204,15.4464534075104
"179","99d05089c79ad0acfd5d3acecaf2cd83","San Marchese",2584,328.179872685185,182.910307017544,113.885435532926,3366.25,2.93924148606811,5.89551083591331,8.83475232198142
"180","9a0aead1dddf67ea97dfaa6e3c34e567","Raffaello",719,99.2139814814815,198.956351414001,149.061660152382,2459.41666666667,3.72322670375522,5.3115438108484,9.03477051460362
"181","9a1ff6add93143ae371db6244ac33e9d","Vittorio Emanuele II 4",719,99.2140972222222,198.956583217432,149.079504007414,2459.41666666667,2.0125173852573,13.7454798331015,15.7579972183588
"182","9c1d471fd4c6961862584bf307f19abc","Cairoli",1865,228.715324074074,176.628025022341,96.2609212514765,3366.25,9.8970509383378,7.84289544235925,17.7399463806971
"183","9e58b009669cc416db675858c8f06e95","Tortona",721,99.2131365740741,198.402797041147,149.355965855178,2459.41666666667,10.2579750346741,5.44937586685159,15.7073509015257
"184","9f1a73de0b1c36f9d40c771335fe3906","Arcivescovado",1864,228.715324074074,176.722782546495,96.1362233434899,3366.25,3.84549356223176,10.5177038626609,14.3631974248927
"185","9f705b5e090de99e976f4ac6c6911571","Porta Susa 1",718,99.2128703703704,199.231244196843,149.446041924995,2459.4,2.51532033426184,12.3788300835655,14.8941504178273
"186","a094649e150f7b7636259ca8a183848d","Dora Siena 1",719,99.2140393518519,198.956467315716,149.069773722278,2459.41666666667,8.80528511821975,6.21418636995828,15.019471488178
"187","a2a1e27c6389b28bba4f4c3bfcf135b9","Paravia",1865,228.715324074074,176.628025022341,96.254949468958,3366.25,4.34316353887399,6.7656836461126,11.1088471849866
"188","a3d05c72e63f76c832d7d6ccbf4f5fd5","Universita` 1",1863,228.715324074074,176.817641796386,96.4581720344894,3366.25,9.01717659688674,8.55340848094471,17.5705850778315
"189","a4792b55af4c2ed4730f24207b924ead","Buozzi",2583,328.179861111111,182.981113692089,113.915965783232,3366.25,1.52729384436702,6.2137049941928,7.74099883855981
"190","a4ec496a6173afcff29f0317b64a29f3","Orbassano",1864,228.715324074074,176.722782546495,96.1975282138539,3366.25,7.61534334763949,8.16899141630901,15.7843347639485
"191","a5013cd73813eb8542cbb384895ef483","Lesna",2584,328.1796875,182.910203818369,113.747700331073,3366.25,3.18498452012384,3.21594427244582,6.40092879256966
"192","a5b4759d61ccf764cfaef64a35827403","Inghilterra 1",721,99.213125,198.402773925104,149.209826841052,2459.41666666667,3.35783633841886,9.2621359223301,12.619972260749
"193","a66cdf43c47ab67717c249e80328e0ec","Vittorio Emanuele II 5",1864,228.715324074074,176.722782546495,96.116207823159,3366.25,5.29238197424893,10.1845493562232,15.4769313304721
"194","a6af5985580412fed03798a6a3765d39","Vittorio Emanuele II 4",1865,228.715324074074,176.628025022341,96.254285429073,3366.25,2.96193029490617,12.7635388739946,15.7254691689008
"195","a87ae87d44ff6d51dc8d60019348753c","Bernini",1865,228.715324074074,176.628025022341,96.0552654116085,3366.25,6.09276139410188,7.96407506702413,14.056836461126
"196","a9d8fee05ef8bd2da4139f349f971fb5","Piazza Nizza",719,99.2143634259259,198.957139545665,149.223603819521,2459.41666666667,4.3518776077886,12.7343532684284,17.086230876217
"197","ab279b63d689bed88de1a17693d2c3f6","Mauriziano 1",1864,228.715324074074,176.722782546495,96.2341045323449,3366.25,4.17221030042918,8.61587982832618,12.7880901287554
"198","ab72fb0727dabf331ac0796cfb7ff70f","Bolzano",719,99.2132291666667,198.954844691701,149.05847096707,2459.41666666667,1.84283727399165,10.8108484005563,12.653685674548
"199","abb21913f56f0169dcd6c8102d6b2337","Borromini",719,99.2140509259259,198.956490496059,149.073605496343,2459.41666666667,6.63838664812239,5.10013908205841,11.7385257301808
"200","add38965bc06683eaa396294006e0d9a","Porta Palatina",1285,163.666921296296,183.548573281453,100.488799076027,3366.25,4.74708171206226,8.05291828793774,12.8
"201","ae8eae4419e7c094b6365228f6eac681","Adriano",719,99.2139351851852,198.956258692629,149.053771113485,2459.41666666667,4.29763560500695,4.16272600834492,8.46036161335188
"202","aeb1bf0a60459898301e9f798dbc17b7","C. Commerciale I Portici",2583,328.179826388889,182.981094334753,113.824203354742,3366.25,3.57336430507162,6.24235385210995,9.81571815718157
"203","aec66b486d43a8bbeb6f4babfc490e69","Regio Parco",1864,228.715324074074,176.722782546495,96.217481248936,3366.25,8.85890557939914,4.04935622317597,12.9082618025751
"204","b04595f1d52a800d466708223c2a7b29","Porta Susa 1",1865,228.715324074074,176.628025022341,96.1766862408837,3366.25,3.14423592493298,12.798927613941,15.943163538874
"205","b0a83522b9bede43f5154ff2a2551532","Dora Siena 1",1863,228.715324074074,176.817641796386,96.4379758948025,3366.25,10.0708534621578,6.23993558776167,16.3107890499195
"206","b1011cb9791056b04eb1b7b117e959fe","stazione test - non operativa",1858,244.133402777778,189.306907068532,124.681817573666,3366.25,0.0177610333692142,0.0855758880516685,0.103336921420883
"207","b2221f3b0556b777fbb6626d36ef0ffc","Statuto 2",1866,228.715324074074,176.533369060379,96.2193372564889,3366.25,4.07234726688103,10.4662379421222,14.5385852090032
"208","b43271bb186d10877c29e96d86e7aff3","Re Umberto",719,99.2138425925926,198.956073249884,149.144685254403,2459.41666666667,4.84561891515994,8.01808066759388,12.8636995827538
"209","b5a8b6b959f78754cb9be3da9ac79def","Carducci",719,99.2141550925926,198.956699119147,149.08631259935,2459.41666666667,7.73852573018081,6.3115438108484,14.0500695410292
"210","b5bad95a1b0a65fd05427bb1ba2f550e","Cairoli",719,99.2130555555556,198.954520166898,149.043069970302,2459.41666666667,6.45340751043115,11.2475660639777,17.7009735744089
"211","b76c89db641fe1598a58fb8db0fc5ce5","Molinette 1",719,99.2141666666667,198.95672229949,149.343693993799,2459.41666666667,4.55076495132128,5.34492350486787,9.89568845618915
"212","b8c5e6fcf3871886789c356a97161a28","Universita`3",1567,200.665856481481,184.518889597958,97.7397530802319,3366.25,5.96745373324825,8.55264837268666,14.5201021059349
"213","b91ce9da90d7f92af93809aa5052a606","Ventimiglia",719,99.2142361111111,198.956861381548,149.289883255864,2459.41666666667,7.97774687065369,4.69819193324061,12.6759388038943
"214","b9fd9c3f44f3344f9134a954498d5225","Nizza 1",719,99.2135416666667,198.951228558183,149.110324356608,2459.41666666667,3.42698191933241,14.5563282336579,17.9833101529903
"215","bc0d271171ddcc3207f46cf00c738975","Fiume",719,99.2137384259259,198.951622624015,149.355475692931,2459.41666666667,6.73296244784423,4.47148817802503,11.2044506258693
"216","bc2f3dac64e76a022c2869659614a6f5","Pettiti",2582,328.179814814815,183.05195584818,114.009365379668,3366.25,2.38768396591789,7.30402788536019,9.69171185127808
"217","bc312c77398b36b68dcc11a936231be8","Fabbrichetta",2583,328.179618055556,182.980978190734,113.969801831721,3366.25,3.22067363530778,2.93418505613628,6.15485869144406
"218","bc3de40b9caf664e11777df7d8ef92c0","Politecnico 2",1863,228.715324074074,176.817641796386,96.477605756429,3366.25,3.52227589908749,12.686527106817,16.2088030059045
"219","bfa12cb895ac0d7392dde60b6b433cdf","San Francesco da Paola",719,99.213587962963,198.951321279555,149.087637341942,2459.41666666667,3.2461752433936,9.94993045897079,13.1961057023644
"220","bfd87240403e179f72d70230e20ee898","Principi d`Acaja 2",1866,228.715324074074,176.533369060379,96.0775317813433,3366.25,3.94480171489818,6.89496248660236,10.8397642015005
"221","bfe48db999dd185c21872054e49f5252","Valentino 1",719,99.2137152777778,198.951576263329,149.049412285074,2459.41666666667,5.91098748261474,8.3240611961057,14.2350486787204
"222","c07a9dfe6696ab4cac15556896908412","Politecnico 1",1863,228.715324074074,176.817641796386,96.4190391329703,3366.25,2.59581320450886,15.6349973161567,18.2308105206656
"223","c162505446e5b624d0bc6c90fd405b3d","Murazzi",719,99.2137152777778,198.951576263329,149.132264256173,2459.41666666667,7.02225312934631,7.51182197496523,14.5340751043115
"224","c37dddd62e523094fe99c8ec2ed3c5f1","Lungo Po Cadorna",719,99.2139930555556,198.956374594344,149.194067642267,2459.41666666667,9.1307371349096,3.97079276773296,13.1015299026426
"225","c46028ebd266fe2c7b53d1f1cce524fc","Arbarello",719,99.2130671296296,198.954543347242,149.178444079664,2459.41666666667,3.56745479833102,15.4784422809458,19.0458970792768
"226","c50124e7cca913343a6cbeba5e4b6cdb","Metro Paradiso",2584,328.179733796296,182.910229618163,113.925179130053,3366.25,3.03328173374613,4.14086687306502,7.17414860681115
"227","c7149e9796d86ca6520e5ca5e78cf5aa","Montevideo",1863,228.7153125,176.817641796386,96.1126285512061,3366.25,10.9865807836822,15.6532474503489,26.6398282340311
"228","c91f8184077b22c31dff9c0ea96184dd","Regina Margherita 2",719,99.2139583333333,198.956305053315,149.360066246505,2459.41666666667,6.53963838664812,7.13630041724617,13.6759388038943
"229","ca7836f68c81acdfca147d39cf65116d","O.G.R.",1864,228.715324074074,176.722782546495,96.1383122943398,3366.25,2.67435622317597,15.2516094420601,17.9259656652361
"230","cb0c07409ecc108c6f8d8a4ebd62d68a","San Francesco da Paola",1865,228.715324074074,176.628025022341,96.0946665560166,3366.25,3.98016085790885,9.64396782841823,13.6241286863271
"231","cc8c24f38d0f00d7fb69897c1ea66bd9","Inghilterra 1",1863,228.715324074074,176.817641796386,96.4971724594538,3366.25,3.26892109500805,9.61513687600644,12.8840579710145
"232","cd4d46a638a1f8e18cca7afae2c0f870","Torino Esposizioni",1864,228.715324074074,176.722782546495,96.3497711434041,3366.25,6.45010729613734,6.53004291845494,12.9801502145923
"233","cd97b0ac8ce5d0b6792c7422510cf626","De Amicis",1864,228.715324074074,176.722782546495,96.179906278974,3366.25,6.22478540772532,7.42811158798283,13.6528969957082
"234","cdb2cce505c174d371c8d29f63fdac24","Belfiore",1863,228.715324074074,176.817641796386,96.4580571898827,3366.25,4.66022544283414,9.87707997852925,14.5373054213634
"235","cdc0d3585fb54d26f556e5d3957ce0af","Risorgimento",147,20.124837962963,198.414739229025,180.506999842316,2345.43333333333,4.57142857142857,11.2517006802721,15.8231292517007
"236","cf1f97c76d8f54a8858e4685a26e3138","XI Febbraio",1866,228.715324074074,176.533369060379,96.1168109166091,3366.25,7.72400857449089,5.86763129689175,13.5916398713826
"237","cf5fbbe91a07a1503d225a7a3621c40b","Vittorio Emanuele II 2",1864,228.715324074074,176.722782546495,96.1173100516004,3366.25,1.84549356223176,8.70547210300429,10.5509656652361
"238","cfe425768bb13389901d90f416fac748","Meucci",721,99.2131481481482,198.402797041147,149.339491332882,2459.41666666667,3.43411927877947,14.8599167822469,18.2940360610264
"239","d1bc8033c40ee5264cce8f47d5187fba","Leumann",2583,328.179722222222,182.981036262744,113.802751495038,3366.25,4.46147890050329,4.93418505613628,9.39566395663957
"240","d21b21a3780ccd3198e2b72afb3b0a82","Principi d`Acaja 2",719,99.2139236111111,198.956235512286,149.190115081676,2459.41666666667,3.82614742698192,6.61196105702364,10.4381084840056
"241","d252eb299c1889e3b93ff512c4b9e39f","Murazzi",1863,228.715324074074,176.817641796386,96.4378840568144,3366.25,8.11272141706924,5.25442834138486,13.3671497584541
"242","d38e65d832c8d32a5e9d6547144e35f5","Le Serre",2583,328.179652777778,182.980997548071,113.870550051353,3366.25,3.42044134727062,3.35462640340689,6.77506775067751
"243","d42095306bf3c7c5c97f24724959315a","Gran Madre",719,99.21375,198.951645804358,149.15891172269,2459.41666666667,5.04589707927677,3.95966620305981,9.00556328233658
"244","d4d0c078bb1f6d6b5d190917b4860e02","Spezia 1",719,99.2142476851852,198.956884561892,149.340104409947,2459.41666666667,8.52573018080668,7.99721835883171,16.5229485396384
"245","d57f77196851a248f892519c64cd3738","Lingotto Fiere",719,99.2142708333333,198.956930922578,149.340497734677,2459.41666666667,9.37830319888734,9.24756606397775,18.6258692628651
"246","d59181aba3646ad37cab8ae54cbecebc","CLN",719,99.2133217592593,198.955030134446,149.202714843418,2459.41666666667,2.5855354659249,5.5326842837274,8.1182197496523
"247","d5b824f8f0b24055820952cae13d8eb6","Borgo",2582,328.17962962963,183.051852569068,114.034348446929,3366.25,3.50658404337723,5.92447714949651,9.43106119287374
"248","d5d84b0de5b967198d467baeb5b02c65","Politecnico 4",719,99.2138888888889,198.956165971256,149.165083011869,2459.41666666667,3.47705146036161,9.81502086230876,13.2920723226704
"249","d6708b1813c9fbaa74f43e28725e4da9","Vittorio Emanuele II 6",1864,228.715324074074,176.722782546495,96.4590017801533,3366.25,5.37714592274678,12.1539699570815,17.5311158798283
"250","d6806ba5784a0d60f24f380a9b09a1cb","Berlinguer",2584,328.179907407407,182.910326367389,113.739271256413,3366.25,1.38699690402477,3.18421052631579,4.57120743034056
"251","d7f5ecd55ceed0185b735902d69c98ec","Porta Nuova 1",719,99.2131018518518,198.954612888271,149.210044086306,2459.41666666667,5.04172461752434,15.5938803894298,20.6356050069541
"252","d9989a5381f01f08f5f4ecb8c7d4abc3","Dante",1864,228.715324074074,176.722782546495,96.2207645952995,3366.25,4.82564377682403,3.91845493562232,8.74409871244635
"253","d9dedede707c18828663426aa3fae4d3","Galileo Ferraris 6",719,99.2143402777778,198.957070004636,149.351872817587,2459.41666666667,7.01668984700974,6.55632823365786,13.5730180806676
"254","da567edfa7a9f6bc69c22871efb40b1d","Bologna",1866,228.715324074074,176.533369060379,96.0551148713011,3366.25,8.97749196141479,4.45766345123258,13.4351554126474
"255","daa3408cf489d582d20393c4394e2444","Corte d`Appello",717,99.212974537037,199.509321245932,150.803755977287,2459.4,3.72663877266388,10.1422594142259,13.8688981868898
"256","dae488ecb68f137f60ba8ba652b4ca04","Carducci",1863,228.715324074074,176.817641796386,96.2775874294915,3366.25,8.52334943639291,8.09608158883521,16.6194310252281
"257","dbdce9d21982a3cae1d6cbcfe59749d6","Arbarello",1865,228.715324074074,176.628025022341,96.216821852859,3366.25,4.05844504021448,15.4702412868633,19.5286863270777
"258","ddbcabd9d5f823faf993f500aa794619","Vittorio Emanuele II 1",1865,228.715324074074,176.628025022341,96.1971854512161,3366.25,2.28150134048257,17.4219839142091,19.7034852546917
"259","df5fcc9ba6234a6732ad0a73dcf0d560","Giolitti 2",719,99.2136805555556,198.951506722299,148.996676175753,2459.41666666667,4.42559109874826,10.9054242002782,15.3310152990264
"260","df963d3539d3f65eff3099985435361c","Re Umberto",1865,228.715324074074,176.628025022341,95.9958656231609,3366.25,5.55120643431635,7.89276139410188,13.4439678284182
"261","e0442e225f55cfd594f3494eed26b383","Principi d`Acaja 1",1863,228.715324074074,176.817641796386,96.4380366967374,3366.25,4.14922168545357,9.04347826086956,13.1926999463231
"262","e06cf96c3ac62ab24e57101e1bcfbb2d","Galileo Ferraris 1",720,99.2130902777778,198.678263888889,149.124091686129,2459.41666666667,3.55,11.1194444444444,14.6694444444444
"263","e07f5e5778d52140c8b08c7b52bae24f","stazione test - non operativa",61,7.62607638888889,183.027868852459,22.3435906630033,353.15,0,0.0983606557377049,0.0983606557377049
"264","e09adbc4d826e96f6c7e169614203ce1","Re Umberto 2",1865,228.715324074074,176.628025022341,96.0369999741439,3366.25,5.27131367292225,8.79302949061662,14.0643431635389
"265","e1058ddf49b615f0155992fd0a3c2eae","Pio VII 2",719,99.2142939814815,198.956977283264,149.214387630976,2459.41666666667,4.62169680111266,3.58136300417246,8.20305980528512
"266","e1e0e964fa1d00f99c5d57542fcde36a","Piazza Carlina",2584,328.178854166667,182.909732972136,113.776831246298,3366.25,0,0,0
"267","e2b1ee06b8991ce41ab05a1dc2645c41","Bernini",719,99.2139236111111,198.956235512286,149.053483014162,2459.41666666667,5.53963838664812,7.78859527121001,13.3282336578581
"268","e4119af54a9442457342ac71a6cf3ac7","Adriano",1864,228.715324074074,176.722782546495,96.3419399684344,3366.25,4.54452789699571,4.50697424892704,9.05150214592275
"269","e4411b9fdb07742fa4154cde367f25e8","Valentino 1",1864,228.715324074074,176.722782546495,96.1382712478001,3366.25,8.04881974248927,5.24892703862661,13.2977467811159
"270","e6a3c1f73b1e39d4f5ba3924ca807e95","Nizza 2",1865,228.715324074074,176.628025022341,96.014655448956,3366.25,3.7201072386059,13.7233243967828,17.4434316353887
"271","e728b6188fee470b42cfb0f199deda27","Raffaello",1863,228.715324074074,176.817641796386,96.4578394679136,3366.25,4.41009125067096,6.8389694041868,11.2490606548578
"272","e8242fb035991ef3d83e93fb3b6fa97b","Concordia",2583,328.179803240741,182.981081429862,113.894991789876,3366.25,3.18544328300426,5.34610917537747,8.53155245838173
"273","e83007cd520a046bfa032cfe75d5889b","Politecnico 3",719,99.2138773148148,198.956142790913,149.077956882139,2459.41666666667,2.99860917941586,8.44784422809458,11.4464534075104
"274","e86f7c19019772dd952f2f36d0387fb7","Giardini Cavour",719,99.2136458333333,198.95143718127,148.987694922817,2459.41666666667,5.39777468706537,7.46175243393602,12.8595271210014
"275","ea2467a67e9cddb269ccd9aef53b079a","Lungo Po Cadorna",1863,228.715324074074,176.817641796386,96.4392835154541,3366.25,9.64090177133655,2.88674181427805,12.5276435856146
"276","ea60ce76df79dded12926aceb21f64ff","Vittorio Emanuele II 2",719,99.2132407407407,198.954867872045,149.062685456665,2459.41666666667,1.58831710709318,8.8191933240612,10.4075104311544
"277","eba18c41ca377bb82d12427268c654dc","Lione",1863,228.715324074074,176.817641796386,96.4182772736525,3366.25,4.83360171765969,7.75577026301664,12.5893719806763
"278","ebaf3909a7b4d4db160e393e6f8621fd","Re Umberto 2",719,99.2138541666667,198.956096430227,149.146446419006,2459.41666666667,4.15994436717663,9.09735744089012,13.2573018080668
"279","ebbdd18012907531ff8d3e71061c0faf","Pio VII",1865,228.7153125,176.628025022341,96.0347273434297,3366.25,7.05630026809652,3.12600536193029,10.1823056300268
"280","ed1c958ce3ac37df7d1e646fcf00fa6f","Giordano Bruno",1863,228.715324074074,176.817641796386,96.4182853425231,3366.25,7.45840042941492,10.6183574879227,18.0767579173376
"281","ed1e88644cb201816e9de923274a341f","Madama Cristina",719,99.2134375,198.955261937877,149.207878471228,2459.41666666667,0,0,0
"282","ed7aa03c995bad9eb7b14676ff821c80","Galileo Ferraris 1",1865,228.715324074074,176.628025022341,96.3385839553698,3366.25,3.04932975871314,11.7967828418231,14.8461126005362
"283","efae041ff574cf0f3378eb1a076cb64a","Galileo Ferraris 4",719,99.2138310185185,198.951808066759,149.032978339016,2459.41666666667,2.35744089012517,16.7107093184979,19.0681502086231
"284","efb9906681ca572faa6c528c55856187","Villa Claretta",2582,328.179641203704,183.051859024012,114.034511695835,3366.25,3.03175832687839,6.05499612703331,9.0867544539117
"285","f005ea61d3e30081be3ef5a02d696ac2","Galileo Ferraris 3",719,99.2141782407407,198.956745479833,149.30325213615,2459.41666666667,2.47844228094576,10.3908205841446,12.8692628650904
"286","f01c3eb11d001cdeb048c5153d2312ae","Gerbido",2584,328.179606481481,182.910158668731,113.855424917076,3366.25,2.65131578947368,4.38506191950464,7.03637770897833
"287","f07451d923582c3ed9d7d698107aa4c4","Galileo Ferraris 5",719,99.2132060185185,198.954798331015,149.05742521279,2459.41666666667,2.38247566063978,11.3254520166898,13.7079276773296
"288","f0b65ebf7ca36e5375d469f44c880e04","Solferino 2",13,1.75047453703704,207.858974358974,100.20794781986,541.35,2.76923076923077,7.07692307692308,9.84615384615385
"289","f16cba9c6dc917e833eab7bf3e0168b7","Gallo Praile",2582,328.179895833333,183.052001032791,113.988206468338,3366.25,3.40704879938033,4.23625096824167,7.643299767622
"290","f1d7621c4f2b581dc95871181eaddf7f","Stazione F.S.",2582,328.179756944444,183.051923573457,114.03225241848,3366.25,2.64291247095275,8.94694035631294,11.5898528272657
"291","f3ab85e088afadb5b9bfab34a76a5cff","Sebastopoli",719,99.2143171296296,198.95702364395,149.325118131631,2459.41666666667,7.29763560500695,5.47148817802503,12.769123783032
"292","f416d5b5054eeb6ba66b5d3cfa1a6576","Universita`3",719,99.2135763888889,198.951298099212,148.981549969677,2459.41666666667,4.79554937413074,9.31015299026426,14.105702364395
"293","f55ebcb31d285be22a769cf9654d3fa9","Dora Firenze",719,99.2139699074074,198.956328233658,149.061152126929,2459.41666666667,9.48817802503477,4.7913769123783,14.2795549374131
"294","f56421016e5c525b4a28aa9c04b49346","Regina Margherita 3",1864,228.715324074074,176.722782546495,96.1178528696734,3366.25,9.97317596566524,4.31974248927039,14.2929184549356
"295","f5b3628e27aa72a5831298af6f04a0fe","Matteotti 2",721,99.2131828703704,198.402866389274,149.213784934428,2459.41666666667,1.47572815533981,10.4590846047157,11.9348127600555
"296","f6c626899532fa6274a90cabd8e22638","Piazza d`Armi",719,99.2140972222222,198.956583217432,149.079024960442,2459.41666666667,6.72878998609179,5.85952712100139,12.5883171070932
"297","f721695d488b071d3df077eb4a9d50bf","Gramsci",2583,328.179768518519,182.981062072525,113.907207980304,3366.25,1.9961285327139,2.61401471157569,4.61014324428959
"298","f73a37cf5d9755c0fddf02c0ffe1727d","Baretti",719,99.2137962962963,198.95173852573,149.027050430358,2459.41666666667,3.83727399165508,9.30458970792768,13.1418636995828
"299","f87af570c508e46496985c4149f16b49","Solferino 2",651,90.0887384259259,199.548694316436,155.894543597607,2459.41666666667,2.4531490015361,7.18740399385561,9.6405529953917
"300","f8e8e458ac9f1f04ad3c774effe5ae54","Regina Margherita 1",719,99.2140162037037,198.95642095503,149.064538105268,2459.41666666667,6.71488178025035,4.00973574408901,10.7246175243394
"301","fa3a203d12bd0b79688ce01260011e2b","Filadelfia",712,98.0897337962963,198.634737827715,149.52234636994,2459.41666666667,7.11938202247191,4.38061797752809,11.5
"302","fa542128c27969894f2d17b1e2e20217","Carlo Alberto",719,99.213599537037,198.951344459898,149.115440604881,2459.41666666667,4.00973574408901,9.77607788595271,13.7858136300417
"303","fa9a021c19bb407a271ea6a9bb34bd39","Politecnico 1",719,99.2141087962963,198.956606397775,149.080212085889,2459.41666666667,3.23226703755216,16.2002781641168,19.432545201669
"304","fb7703a90978c8c7761a2c993cf8c0bb","Molinette 2",719,99.2141666666667,198.95672229949,149.2178435174,2459.41666666667,5.9221140472879,3.45897079276773,9.38108484005563
"305","fc970f13bb6fe43c92dcd3d96f0765c7","Porta Palatina",6,0.874189814814815,240.055555555556,147.607061208191,541.35,6.33333333333333,5.5,11.8333333333333
"306","ffd596ecd472bfa10fd38a9685f17c8c","Stazione Ferroviaria Paradiso",2583,328.179675925926,182.981010452962,113.799805630104,3366.25,5.41347270615563,4.03174603174603,9.44521873790166
