,stop_id,stop_lat,stop_lon
15,50385020,45.01025,7.53958
16,50393014,45.103190000000005,7.54157
18,50421014,45.0978,7.5558
19,50447014,45.07223,7.563560000000001
20,50507015,45.082240000000006,7.57365
21,50512014,45.057179999999995,7.57539
22,50513017,45.08225,7.575069999999999
23,50520010,45.02848,7.5777
24,50521015,45.08572,7.5761
26,50577014,45.0329,7.63847
27,50580021,45.02498,7.58966
28,50589017,45.042609999999996,7.59156
30,50615020,45.064029999999995,7.59537
31,50653011,45.01785,7.60615
45,50401023,45.00861,7.54778
46,50424016,45.01234,7.55951
49,50449025,45.063990000000004,7.565239999999999
50,50481020,45.09559,7.57
51,50521014,45.085609999999996,7.576389999999999
52,50523018,45.09603,7.574910000000001
53,50566010,45.0282,7.5861600000000005
54,50568014,45.052440000000004,7.5868
55,50626013,45.03969,7.5973
56,50664017,45.0084,7.6062199999999995
58,50813013,45.00987,7.621180000000001
59,50814014,45.04293,7.6197
60,50822017,45.07535,7.619560000000001
61,50852020,45.07014,7.59925
63,50870017,45.04517,7.623419999999999
82,50383018,45.028240000000004,7.53983
83,50392029,45.07447,7.54188
85,50429010,45.07204,7.55875
86,50461017,45.02563,7.567819999999999
87,50467013,45.08163,7.56739
88,50531013,45.06485,7.57863
89,50547018,45.02167,7.582339999999999
90,50573012,45.07685,7.58771
92,50632013,45.006879999999995,7.60035
94,50649021,45.03217,7.60358
108,50403021,45.02693,7.54776
109,50404015,45.10321,7.54673
110,50448014,45.07312,7.56382
111,50464017,45.07908,7.56723
112,50476009,45.078829999999996,7.56968
113,50491023,45.089009999999995,7.57158
114,50524014,45.02865,7.577889999999999
116,50570013,45.02326,7.588430000000001
119,50646017,45.0645,7.602119999999999
120,50662014,45.09785,7.603689999999999
122,50683010,45.098490000000005,7.60611
124,50696027,45.01703,7.610110000000001
125,50697025,45.0223,7.6098300000000005
127,50728024,45.0305,7.61353
129,50737019,45.050959999999996,7.61407
130,50765016,45.03066,7.61607
133,50894014,45.043420000000005,7.62466
134,50914011,45.03512,7.625939999999999
135,50920010,45.025859999999994,7.6267
136,50923012,45.10416,7.624960000000001
137,50942010,45.0373,7.62795
138,50944014,45.05045,7.62782
139,50998007,45.08014,7.629160000000001
140,51030006,45.102909999999994,7.63012
141,51032006,45.06443,7.63123
142,51040006,45.07498,7.6318
143,51069009,45.022690000000004,7.634060000000001
144,51074008,45.03317,7.63413
145,51080006,45.06208,7.63357
146,51083008,45.0976,7.63267
147,51091006,45.0527,7.63421
149,51133007,45.02469,7.63616
150,51167009,45.10597,7.635860000000001
151,51198005,45.0265,7.639410000000001
153,51231009,45.07528,7.63933
154,51232009,45.04249,7.64013
155,51238006,45.10028,7.639139999999999
156,51266005,45.06785,7.6410100000000005
157,51289004,45.08128,7.64215
158,51294006,45.05526,7.644010000000001
177,50425024,45.095009999999995,7.5574699999999995
178,50448015,45.07298,7.564019999999999
179,50458013,45.02587,7.56608
180,50505017,45.07255,7.57333
181,50509014,45.080220000000004,7.574319999999999
183,50538017,45.08786,7.57967
185,50563018,45.06552,7.58358
187,50624011,45.07363,7.5966
188,50690012,45.06734,7.60763
189,50691015,45.051159999999996,7.60838
191,50748009,45.01558,7.615410000000001
214,50410022,45.01021,7.55313
216,50482017,45.07699,7.57048
217,50494015,45.017309999999995,7.57355
218,50528014,45.08902,7.5769899999999994
221,50680014,45.0231,7.60779
223,50689030,45.02981,7.608560000000001
224,50740024,45.07432,7.614560000000001
226,50680015,45.02304,7.608
227,50716021,45.07415,7.60837
228,50717013,45.02797,7.61155
229,50719012,45.016329999999996,7.612189999999999
231,50764015,45.053259999999995,7.61567
233,50810017,45.09612,7.58258
234,50832014,45.077040000000004,7.6203
235,50838013,45.05101,7.621360000000001
236,50861016,45.035070000000005,7.62323
237,50881011,45.03495,7.624289999999999
238,50890013,45.09899,7.62322
239,50906012,45.074670000000005,7.624560000000001
240,50914012,45.035379999999996,7.62603
241,50949015,45.103970000000004,7.62679
242,50968013,45.045429999999996,7.629010000000001
243,51029010,45.07085,7.661569999999999
244,51062007,45.03583,7.633439999999999
245,51103005,45.053059999999995,7.63466
246,51153018,45.04827,7.63678
247,51163009,45.01801,7.63766
249,51199012,45.07959,7.63777
252,51220008,45.04702,7.639419999999999
254,51236005,45.044059999999995,7.64042
256,51316006,45.0832,7.64328
257,50907012,45.08245,7.62448
258,50980017,45.07493,7.62893
261,51106006,45.03945,7.635330000000001
262,51129006,45.06192,7.635489999999999
263,51159008,45.06483,7.63675
264,51256010,45.02048,7.64168
265,51296008,45.01818,7.643839999999999
266,51317008,45.098929999999996,7.642919999999999
268,51385009,45.106629999999996,7.645410000000001
270,51414012,45.10362,7.64628
271,51456007,45.0556,7.64888
273,51487012,45.064609999999995,7.64997
274,51487013,45.06431,7.6503
276,51510007,45.09908,7.65009
277,51514007,45.025040000000004,7.6517800000000005
279,51573007,45.0696,7.65383
280,51578009,45.02043,7.6547600000000005
281,51597005,45.03694,7.6557
282,51641005,45.0088,7.65792
283,51660005,45.0227,7.660410000000001
286,51698004,45.09749,7.65828
308,50385019,45.01037,7.539610000000001
309,50404016,45.10303,7.5469
310,50440014,45.095040000000004,7.55987
311,50456012,45.06576,7.56617
312,50457015,45.07841,7.5663100000000005
313,50463022,45.08213,7.56688
314,50512013,45.0573,7.57561
315,50519011,45.060759999999995,7.57689
316,50556024,45.05258,7.58294
317,50562013,45.073,7.5834600000000005
318,50571021,45.096340000000005,7.58673
319,50587016,45.03925,7.59122
339,50413013,45.102270000000004,7.551489999999999
341,50430013,45.06357,7.5647899999999995
342,50444017,45.095259999999996,7.559760000000001
343,50451017,45.08337,7.56522
344,50462018,45.07228,7.567060000000001
345,50469009,45.09552,7.56727
346,50495014,45.078509999999994,7.56993
347,50510016,45.0939,7.5743100000000005
348,50514012,45.08248,7.574839999999999
349,50537011,45.07101,7.57993
350,50576026,45.07659,7.588030000000001
351,50583012,45.009840000000004,7.59127
352,50584015,45.02057,7.6406
372,50407018,45.0715,7.548719999999999
373,50426010,45.02818,7.55917
374,50442011,45.067479999999996,7.56284
375,50450021,45.014540000000004,7.56617
376,50485013,45.05758,7.571280000000001
377,50503010,45.066340000000004,7.57335
378,50517013,45.095859999999995,7.57533
380,50603013,45.05141,7.59445
381,50619022,45.06392,7.595789999999999
383,50624010,45.07355,7.596839999999999
385,50738020,45.0055,7.61516
386,50740020,45.07423,7.613510000000001
387,50769016,45.02963,7.61694
388,50791019,45.01846,7.61877
389,50805012,45.0207,7.61494
390,50843018,45.06258,7.621180000000001
391,50857017,45.06453,7.6221
392,50889016,45.06812,7.6239
394,50945018,45.01651,7.62863
397,50969008,45.0421,7.62918
398,50976013,45.07204,7.6288800000000005
399,51016012,45.07926,7.63006
401,51206007,45.0698,7.6383399999999995
403,51255008,45.04823,7.64102
404,51382006,45.01741,7.64733
405,51420008,45.04108,7.648160000000001
406,51469006,45.08343,7.6489899999999995
407,51484009,45.065020000000004,7.64997
408,51506006,45.10689,7.649710000000001
409,51507005,45.09643,7.65004
410,51607005,45.00492,7.656810000000001
411,51623005,45.10517,7.65528
412,51632005,45.05308,7.6567
413,51634006,45.08512,7.655710000000001
415,51692005,45.06126,7.658580000000001
418,51406007,45.04102,7.64762
419,51417008,45.01624,7.648210000000001
420,51435009,45.07336,7.64791
421,51439004,45.005,7.64952
423,51456008,45.055279999999996,7.649439999999999
424,51463006,45.08855,7.64885
425,51471008,45.05527,7.649719999999999
426,51483006,45.03118,7.65066
427,51498009,45.05421,7.650639999999999
428,51522007,45.014990000000004,7.6169899999999995
429,51525005,45.01161,7.652939999999999
430,51558006,45.01426,7.65424
431,51569010,45.082240000000006,7.65343
432,51583007,45.0305,7.655139999999999
433,51598006,45.00479,7.65647
434,51641006,45.00866,7.6582
436,51666004,45.07561,7.65718
439,51734008,45.04009,7.66115
440,51751004,45.1053,7.66015
441,51772005,45.01526,7.662839999999999
443,51890006,45.05624,7.6525
444,51891004,45.02363,7.66772
445,51924003,45.034259999999996,7.669
446,51925004,45.06355,7.66868
465,50395017,45.0078,7.54506
466,50406023,45.00926,7.55019
467,50410023,45.01038,7.553319999999999
468,50473017,45.093779999999995,7.56865
469,50474022,45.090090000000004,7.56935
470,50499014,45.06472,7.57293
471,50500014,45.069140000000004,7.57297
472,50540016,45.06579,7.580239999999999
473,50550018,45.021770000000004,7.583010000000001
474,50569010,45.05195,7.58703
475,50570014,45.023309999999995,7.5887899999999995
478,50636011,45.052170000000004,7.5841199999999995
495,50446017,45.07096,7.56354
496,50491024,45.08917,7.571289999999999
497,50511017,45.06729,7.57498
498,50531012,45.065,7.57879
499,50546010,45.0849,7.580369999999999
500,50577015,45.03289,7.63857
501,50581019,45.04467,7.58938
505,50707019,45.06515,7.60959
507,50776019,45.031940000000006,7.617439999999999
508,50804019,45.0712,7.618339999999999
509,50806016,45.03823,7.619280000000001
510,50808019,45.05607,7.61895
524,50393013,45.10328,7.5413
525,50409019,45.074290000000005,7.55112
526,50432013,45.02662,7.56066
527,50464018,45.0788,7.567139999999999
528,50493014,45.092729999999996,7.5715
529,50552014,45.02881,7.58304
531,50622017,45.02734,7.5976
532,50645017,45.073809999999995,7.602060000000001
533,50669019,45.00887,7.60697
534,50670015,45.034859999999995,7.60566
535,50681013,45.02342,7.607810000000001
536,50723017,45.03105,7.6124
537,50727012,45.082229999999996,7.612139999999999
538,50760014,45.03828,7.6157
539,50761021,45.057559999999995,7.61545
540,50768011,45.08559,7.61534
541,50778020,45.04435,7.61775
557,50457014,45.07847,7.56608
558,50460014,45.06012,7.5668
559,50479015,45.05901,7.570710000000001
560,50487017,45.09547,7.5706
561,50490015,45.082440000000005,7.57135
562,50544011,45.08518,7.58007
563,50564021,45.02252,7.5861600000000005
565,50574039,45.064659999999996,7.587910000000001
567,50644019,45.03148,7.60262
568,50652021,45.01782,7.6045
569,50663010,45.0684,7.60377
570,50751010,45.0572,7.6146199999999995
571,50779013,45.04642,7.61746
573,50816014,45.065979999999996,7.6128800000000005
574,50833014,45.02836,7.6215399999999995
575,50836009,45.07184,7.6207899999999995
576,50896009,45.069309999999994,7.624160000000001
577,50915014,45.10602,7.62436
578,50916013,45.026559999999996,7.626460000000001
579,50934009,45.01587,7.62718
580,50961027,45.01845,7.63045
581,50963012,45.08374,7.62785
582,51047007,45.0353,7.632960000000001
583,51083009,45.09766,7.63287
584,51098006,45.02408,7.6352
585,51138008,45.022529999999996,7.6364600000000005
586,51147008,45.02645,7.63705
587,51152008,45.06167,7.63638
588,51156007,45.10304,7.6357800000000005
589,51157010,45.10333,7.635510000000001
591,51212013,45.026070000000004,7.6386
593,51259005,45.06446,7.6407
594,51268009,45.03842,7.641830000000001
595,51285006,45.02453,7.6441
596,51290011,45.06105,7.64262
597,51323011,45.08988,7.64354
598,51356008,45.08332,7.64475
600,51372008,45.022690000000004,7.64682
602,51376008,45.03303,7.646789999999999
603,51409009,45.08039,7.646780000000001
604,51415009,45.057520000000004,7.647589999999999
618,50443013,45.07093,7.56278
620,50487018,45.0957,7.56947
621,50488027,45.06284,7.57147
622,50518018,45.06001,7.576569999999999
623,50538016,45.0877,7.57952
624,50555003,45.02187,7.63465
626,50597012,45.0413,7.5926100000000005
627,50608021,45.05214,7.59443
629,50631012,45.05146,7.5991100000000005
630,50645013,45.0739,7.60193
631,50647017,45.03714,7.60352
632,50660017,45.033970000000004,7.605230000000001
634,50698026,45.02816,7.609719999999999
635,50740019,45.07437,7.61361
636,50782012,45.08235,7.61671
650,50427017,45.02857,7.559589999999999
651,50498017,45.07203,7.57286
652,50501023,45.06382,7.5733
653,50522011,45.06349,7.5769
654,50529011,45.019290000000005,7.57937
655,50548009,45.07877,7.58135
656,50579014,45.02445,7.5895600000000005
657,50605017,45.041270000000004,7.594469999999999
659,50651022,45.005720000000004,7.60423
660,50658010,45.020790000000005,7.60531
661,50676022,45.06445,7.60657
663,50777016,45.06583,7.616810000000001
664,50811013,45.069520000000004,7.61883
665,50814013,45.043040000000005,7.61981
666,50828023,45.07457,7.6201300000000005
667,50860016,45.05035,7.62282
668,50863014,45.036229999999996,7.62334
669,51329012,45.07548,7.644489999999999
670,51354009,45.1006,7.644410000000001
671,51370009,45.07975,7.64537
673,51402007,45.041309999999996,7.64756
674,51405011,45.04815,7.64743
676,51417007,45.01636,7.64848
677,51441007,45.055209999999995,7.64854
679,51503008,45.05697,7.65062
680,51518006,45.06662,7.6512199999999995
682,51531010,45.04795,7.652489999999999
683,51533007,45.032709999999994,7.653
684,51551007,45.06899,7.6529
685,51559006,45.03423,7.653980000000001
686,51616009,45.07598,7.65568
687,51620007,45.09455,7.65552
688,51620008,45.09467,7.65545
689,51634005,45.08527,7.656389999999999
690,51636007,45.08018,7.65643
692,51662008,45.04075,7.6578100000000004
693,51663010,45.08546,7.65689
694,51678005,45.01194,7.65912
695,51699005,45.052170000000004,7.659339999999999
698,51749005,45.07992,7.66061
699,51759008,45.01808,7.66303
713,50417019,45.0966,7.5523
716,50451016,45.0832,7.5650699999999995
717,50536025,45.07285,7.57994
719,50616024,45.07532,7.5952
720,50618014,45.00658,7.5972800000000005
721,50634023,45.10902,7.543810000000001
723,50743014,45.0203,7.615060000000001
724,50774015,45.04462,7.61707
725,50820009,45.084270000000004,7.61915
726,50829018,45.03917,7.62102
727,50844011,45.05859,7.6211899999999995
728,50865010,45.03565,7.6233
729,50903011,45.04445,7.62505
731,50905013,45.07193,7.62448
732,51801004,45.09551,7.6623600000000005
733,51826005,45.09904,7.66321
734,51827004,45.05916,7.664039999999999
736,51903004,45.10603,7.66633
737,51923004,45.03644,7.668819999999999
738,51935003,45.05274,7.668939999999999
739,51946002,45.02024,7.66993
740,51948003,45.06284,7.668880000000001
741,51962004,45.09938,7.66902
742,51992002,45.10478,7.66875
743,52012003,45.06163,7.685389999999999
744,52014002,45.03971,7.67213
745,52027003,45.095659999999995,7.671589999999999
746,52048002,45.05803,7.67408
747,52061002,45.07059,7.674689999999999
748,52073002,45.03435,7.675960000000001
749,52139008,45.09059,7.678089999999999
751,52158002,45.08925,7.678719999999999
752,52196002,45.05492,7.680969999999999
753,52205003,45.05616,7.68168
754,52219003,45.10399,7.6814100000000005
755,52221002,45.069520000000004,7.682360000000001
756,52223002,45.10715,7.68156
757,52228003,45.10431,7.68198
758,52250004,45.007090000000005,7.68625
759,52252004,45.061209999999996,7.68538
760,52261003,45.03354,7.686730000000001
761,52294003,45.0788,7.687939999999999
762,52295005,45.06566,7.68835
782,50397018,45.0713,7.54397
783,50398022,45.10315,7.5442800000000005
786,50483023,45.05943,7.5709800000000005
787,50492017,45.06353,7.571969999999999
789,50534016,45.06844,7.5793800000000005
790,50552013,45.02902,7.58317
791,50601015,45.007490000000004,7.5945
792,50606017,45.01937,7.595039999999999
793,50626014,45.03995,7.59731
794,50647016,45.0365,7.60283
795,50666013,45.09894,7.61061
815,50384012,45.02845,7.540210000000001
816,50396022,45.0087,7.54548
817,50402024,45.00892,7.547969999999999
818,50403022,45.02715,7.547839999999999
822,50472016,45.058890000000005,7.569389999999999
823,50484019,45.07397,7.570760000000001
824,50522012,45.06323,7.57685
825,50527018,45.05489,7.57795
826,50529014,45.01951,7.57998
827,50548010,45.078720000000004,7.581180000000001
828,50561014,45.06542,7.5834399999999995
829,50625012,45.027390000000004,7.598139999999999
830,50630022,45.02786,7.5997
831,50649022,45.03196,7.60337
832,50731017,45.050779999999996,7.61393
833,50732012,45.01843,7.614380000000001
834,50782013,45.08246,7.616289999999999
835,50867013,45.05559,7.622960000000001
836,50873010,45.052479999999996,7.62328
837,50886015,45.02196,7.6256699999999995
838,50888013,45.0137,7.62518
839,50899018,45.08072,7.62403
840,50924015,45.10113,7.625319999999999
841,50937013,45.05952,7.62759
842,50943014,45.01585,7.628660000000001
843,50959024,45.10053,7.62732
844,50984021,45.05106,7.62943
845,51010009,45.050090000000004,7.6305
847,51070006,45.0224,7.634810000000001
849,51170007,45.03771,7.6374699999999995
850,51174007,45.10307,7.63605
851,51181010,45.03566,7.638
852,51183014,45.03127,7.63818
853,51184009,45.06577,7.58086
855,51258012,45.03702,7.64146
856,51262010,45.04359,7.64127
857,51270012,45.10143,7.6405
858,51272007,45.02843,7.64226
875,50413014,45.10237,7.55161
877,50455019,45.075359999999996,7.56583
878,50465032,45.072390000000006,7.5674399999999995
879,50498018,45.07203,7.5727
880,50508013,45.07269,7.574089999999999
881,50578017,45.044470000000004,7.58904
883,50617028,45.07431,7.595389999999999
884,50690014,45.0674,7.60797
885,50701016,45.074059999999996,7.60875
886,50709014,45.0718,7.6094800000000005
887,50735020,45.07155,7.61355
888,50752019,45.05486,7.61476
889,50763015,45.05508,7.61561
890,50788015,45.07012,7.6173399999999996
891,50793012,45.05383,7.61826
910,50388024,45.00851,7.54161
911,50442012,45.06725,7.562869999999999
912,50493015,45.09272,7.57178
913,50497014,45.07403,7.57263
914,50511018,45.06707,7.575130000000001
917,50594021,45.06391,7.59152
918,50598012,45.04067,7.59247
919,50599016,45.07598,7.5909699999999996
920,50601016,45.00721,7.594530000000001
922,50618013,45.00659,7.59705
924,50591019,45.02489,7.59168
925,50612013,45.0047,7.59633
926,50643018,45.00578,7.603219999999999
927,50646018,45.064370000000004,7.60191
928,50659016,45.07398,7.604
929,50678022,45.06191,7.60676
930,50683009,45.0982,7.60605
931,50687014,45.06049,7.60762
933,50883010,45.05485,7.62391
934,50884011,45.08047,7.6233699999999995
935,50898010,45.05648,7.624560000000001
936,50906013,45.07486,7.62455
937,50912017,45.03624,7.62582
938,50964011,45.039770000000004,7.628989999999999
939,50973009,45.10392,7.62787
940,50989012,45.0479,7.62966
941,50991015,45.018240000000006,7.63053
943,51020007,45.05386,7.6308300000000004
944,51073006,45.055640000000004,7.63342
945,51076006,45.04104,7.63393
947,51131006,45.02355,7.6362
948,51142007,45.0241,7.63633
949,51144006,45.048140000000004,7.63618
950,51177006,45.079240000000006,7.63678
951,51178015,45.03399,7.66783
952,51202008,45.04768,7.63864
954,51240007,45.035740000000004,7.64082
970,50386020,45.07121,7.53937
971,50394025,45.07136,7.542889999999999
972,50398021,45.10322,7.5441199999999995
973,50445014,45.072109999999995,7.5628899999999994
974,50452013,45.01501,7.5671
975,50454009,45.0847,7.5655600000000005
976,50474023,45.08997,7.56915
977,50487019,45.09538,7.570460000000001
978,50489018,45.08125,7.57108
979,50504016,45.0174,7.57465
980,50516013,45.057590000000005,7.5762
981,50525015,45.05279,7.57763
982,50527017,45.055040000000005,7.57782
984,50567011,45.022459999999995,7.58657
985,50590020,45.04696,7.591260000000001
986,50594020,45.06419,7.59134
1008,50425025,45.094879999999996,7.557510000000001
1009,50470011,45.06469,7.56871
1010,50486015,45.06188,7.57113
1011,50502012,45.068909999999995,7.57321
1012,50536024,45.07294,7.579619999999999
1013,50583011,45.01012,7.59123
1014,50588017,45.03982,7.591289999999999
1015,50604012,45.05158,7.594130000000001
1016,50637017,45.07479,7.599639999999999
1017,50639016,45.028259999999996,7.60165
1021,50818012,45.09621,7.587910000000001
1022,50834016,45.02313,7.59168
1023,50847017,45.0713,7.62137
1024,50866012,45.06438,7.62268
1026,50882013,45.06423,7.62372
1027,50900018,45.084740000000004,7.61791
1029,50967012,45.070170000000005,7.600339999999999
1030,51060010,45.04618,7.63317
1031,51136007,45.0333,7.63621
1032,51142009,45.024029999999996,7.63638
1033,51146016,45.05697,7.63605
1036,51162008,45.06485,7.636610000000001
1038,51286006,45.034459999999996,7.64288
1039,51293006,45.05721,7.6388300000000005
1041,51333007,45.057990000000004,7.6448
1042,51335007,45.06007,7.64503
1043,51341012,45.058370000000004,7.645
1044,51348010,45.04612,7.64537
1046,51379006,45.07051,7.645989999999999
1047,51398008,45.01529,7.64845
1048,51423007,45.10589,7.629339999999999
1049,51547009,45.01388,7.6539399999999995
1050,51549008,45.05107,7.65322
1051,50645014,45.07377,7.60168
1053,50703015,45.02244,7.61032
1055,50746014,45.03052,7.61516
1056,50839015,45.04625,7.621410000000001
1057,50908012,45.10378,7.6234399999999996
1058,50917009,45.10374,7.62449
1059,50940009,45.04351,7.6276
1060,50947012,45.06808,7.627560000000001
1061,50953015,45.03903,7.62855
1062,50962012,45.05653,7.62845
1063,50981010,45.082609999999995,7.628539999999999
1064,50982016,45.04521,7.62944
1065,51036011,45.10346,7.630839999999999
1066,51102012,45.07135,7.63421
1067,51122006,45.01186,7.63675
1068,51124008,45.04721,7.640789999999999
1069,51145006,45.074709999999996,7.63563
1070,51186007,45.09924,7.6368
1071,51204005,45.06839,7.63829
1072,51225007,45.08155,7.638719999999999
1073,51228009,45.03095,7.640060000000001
1074,51261008,45.07986,7.64041
1075,51265005,45.072070000000004,7.64076
1076,51357005,45.06414,7.645239999999999
1077,51359008,45.0322,7.645989999999999
1078,51366008,45.026759999999996,7.64685
1080,51394008,45.07023,7.6466899999999995
1081,51410007,45.013999999999996,7.6487300000000005
1082,51467007,45.09938,7.648630000000001
1083,51927002,45.08546,7.6689
1084,51984006,45.054809999999996,7.58674
1085,51985003,45.05567,7.67097
1086,51988002,45.07717,7.6705
1087,51990002,45.03305,7.67172
1088,51993003,45.10787,7.67013
1089,52017003,45.04763,7.67242
1091,52032003,45.09735,7.67196
1092,52033003,45.09859,7.67192
1093,52040003,45.04407,7.67328
1094,52101003,45.08685,7.675960000000001
1095,52120003,45.04231,7.6776800000000005
1096,52128004,45.0628,7.677560000000001
1097,52140002,45.04691,7.6788300000000005
1098,52184003,45.08412,7.6799100000000005
1099,52186003,45.09681,7.67968
1100,52191003,45.037290000000006,7.68146
1101,52201003,45.08722,7.68076
1102,52208003,45.05252,7.68198
1103,52216003,45.06163,7.6818100000000005
1106,52245003,45.084140000000005,7.68428
1107,52283004,45.049609999999994,7.68784
1108,52314006,45.0769,7.690289999999999
1109,52373009,45.07331,7.6935199999999995
1110,52385004,45.0691,7.695289999999999
1111,52395004,45.068659999999994,7.695530000000001
1112,52409003,45.065059999999995,7.696460000000001
1113,52462003,45.0893,7.69884
1125,50389015,45.00954,7.54175
1126,50405016,45.07158,7.54818
1127,50429009,45.07196,7.55864
1128,50496014,45.077259999999995,7.5723
1129,50559015,45.07308,7.58292
1130,50592017,45.04764,7.5914
1132,50672012,45.06452,7.60608
1134,50685023,45.029920000000004,7.60787
1135,50724020,45.02098,7.6125
1136,50736015,45.059709999999995,7.6139399999999995
1138,50771018,45.03232,7.61685
1139,50786011,45.02989,7.61828
1140,50796021,45.03824,7.618869999999999
1141,50808018,45.056129999999996,7.61912
1142,50824018,45.05833,7.6204
1143,50827012,45.06774,7.62018
1144,50892011,45.08012,7.62375
1145,50908013,45.1039,7.6238399999999995
1147,50692026,45.01705,7.609210000000001
1148,50704017,45.05724,7.5723
1149,50759018,45.0498,7.6151800000000005
1150,50760013,45.03828,7.6158600000000005
1151,50780013,45.06542,7.617030000000001
1152,50783012,45.080490000000005,7.6168
1153,50837015,45.04688,7.621239999999999
1155,50859023,45.04117,7.623010000000001
1156,50873009,45.05243,7.62361
1157,50893011,45.071979999999996,7.623939999999999
1158,50897010,45.0136,7.62533
1159,50930011,45.05087,7.624680000000001
1160,50952013,45.10726,7.62684
1161,50954012,45.05366,7.62807
1162,50955015,45.02497,7.62909
1163,50977010,45.03652,7.629580000000001
1164,50979014,45.0158,7.630210000000001
1166,51005008,45.050540000000005,7.63022
1167,51007010,45.03826,7.63064
1168,51017007,45.10929,7.62943
1170,51031006,45.10187,7.630160000000001
1171,51059006,45.06769,7.632630000000001
1172,51096005,45.05,7.63445
1173,51112012,45.064409999999995,7.63537
1174,51125010,45.09669,7.63433
1175,51128013,45.03202,7.63593
1176,51150012,45.07521,7.63559
1178,51750005,45.10576,7.6601
1179,51763005,45.020179999999996,7.66258
1180,51764004,45.05186,7.66182
1182,51788005,45.01422,7.66372
1183,51789005,45.05407,7.6627600000000005
1184,51817006,45.09601,7.66285
1185,51824003,45.096759999999996,7.6631
1187,51855005,45.05855,7.665019999999999
1190,51892006,45.04932,7.6671
1191,51911004,45.061209999999996,7.667789999999999
1192,51944003,45.05323,7.6694
1193,52001002,45.10607,7.67022
1194,52005002,45.06627,7.67128
1197,52065006,45.0848,7.673610000000001
1198,52070005,45.05373,7.67599
1200,52211004,45.10427,7.680860000000001
1203,52254004,45.07036,7.6855
1204,52360003,45.07073,7.69371
1205,52364002,45.04533,7.69433
1206,52397004,45.08238,7.69491
1207,52398003,45.05683,7.69561
1208,52412003,45.05397,7.69698
1209,50868012,45.0408,7.62333
1210,50880014,45.05058,7.62387
1212,50917008,45.10389,7.62482
1213,50957010,45.06418,7.62817
1214,50961025,45.01773,7.629289999999999
1215,50979013,45.015640000000005,7.630439999999999
1216,50980015,45.074870000000004,7.629160000000001
1217,50996008,45.047340000000005,7.62975
1218,51035005,45.102129999999995,7.630539999999999
1219,51039014,45.01527,7.63311
1221,51049005,45.06436,7.63241
1222,51054006,45.01903,7.633589999999999
1223,51068008,45.0711,7.63293
1224,51085008,45.10603,7.6326600000000004
1225,51089007,45.0463,7.634119999999999
1226,51105008,45.05238,7.6347
1227,51113007,45.04063,7.63523
1228,51117005,45.05754,7.6349800000000005
1229,51141009,45.08187,7.6353100000000005
1230,51163010,45.018190000000004,7.63783
1231,51165006,45.03838,7.63727
1232,51248010,45.00999,7.641539999999999
1233,51254004,45.04685,7.641030000000001
1234,51260010,45.04957,7.6411
1235,51262011,45.04364,7.64098
1237,51292012,45.09055,7.64198
1238,51353007,45.06596,7.64513
1239,51413006,45.02316,7.647239999999999
1240,50792018,45.0744,7.61804
1241,50821013,45.07352,7.619489999999999
1242,50841018,45.07468,7.62055
1243,50845017,45.05798,7.621810000000001
1244,50922013,45.08437,7.625260000000001
1246,50929015,45.08656,7.62573
1247,50938008,45.04421,7.627389999999999
1248,50945019,45.01659,7.628360000000001
1249,50960010,45.04255,7.628760000000001
1250,51051005,45.0223,7.634289999999999
1252,51077014,45.03266,7.63413
1256,51150008,45.07512,7.63593
1257,51158008,45.02646,7.6372100000000005
1258,51175007,45.04475,7.637519999999999
1260,51200006,45.0969,7.637389999999999
1261,51232010,45.0426,7.64002
1262,51295011,45.0168,7.638439999999999
1263,51329007,45.07566,7.64428
1264,51331007,45.06661,7.644480000000001
1265,51351008,45.01931,7.59623
1268,51480007,45.0286,7.6508
1269,51496010,45.09474,7.64965
1270,51517008,45.01769,7.653980000000001
1271,52305003,45.04813,7.68995
1272,52325002,45.09323,7.690239999999999
1273,52333004,45.08054,7.691339999999999
1276,52366004,45.0435,7.694260000000001
1277,52408003,45.04326,7.69707
1278,52413003,45.034209999999995,7.69753
1279,52414003,45.06407,7.6969
1280,52424002,45.103320000000004,7.69682
1281,52462005,45.08927,7.6985399999999995
1282,52472003,45.10062,7.69919
1283,52496002,45.03796,7.70262
1288,52559003,45.09884,7.70644
1289,52566003,45.06261,7.7081
1290,52623004,45.06416,7.71099
1291,52626003,45.04707,7.71138
1292,52632003,45.06507,7.711310000000001
1293,52636004,45.02472,7.712389999999999
1297,52763001,45.06158,7.72157
1299,52768001,45.05802,7.72182
1301,52788002,45.07548,7.72308
1303,50824019,45.058440000000004,7.61995
1304,50864016,45.0496,7.62297
1305,50876013,45.06413,7.62328
1306,50883011,45.05464,7.624039999999999
1307,50913011,45.08416,7.62472
1309,50948014,45.037079999999996,7.62833
1310,50952012,45.10755,7.62684
1311,50995008,45.034009999999995,7.63013
1312,50997009,45.03836,7.63007
1314,51013011,45.0636,7.6303
1315,51025009,45.0243,7.631880000000001
1316,51056008,45.08232,7.632210000000001
1318,51078007,45.04138,7.6340699999999995
1319,51084007,45.038909999999994,7.63427
1320,51122005,45.01112,7.63615
1321,51193014,45.025529999999996,7.63845
1322,51203008,45.018809999999995,7.6394
1324,51231008,45.07545,7.63915
1325,51239007,45.07011,7.63996
1326,51239008,45.06994,7.64
1327,51249009,45.10007,7.63944
1328,51263009,45.10176,7.640110000000001
1329,51282006,45.096579999999996,7.6412
1330,51300007,45.07497,7.64268
1331,51334008,45.045429999999996,7.6452100000000005
1332,51395009,45.03248,7.647639999999999
1333,50790008,45.01925,7.61872
1336,50834017,45.02295,7.59127
1341,50980014,45.075070000000004,7.6292800000000005
1342,50993009,45.05369,7.629630000000001
1346,51111007,45.05663,7.63477
1347,51116008,45.039159999999995,7.63503
1349,51156008,45.10298,7.635460000000001
1350,51172008,45.064640000000004,7.636989999999999
1351,51194007,45.02904,7.6387
1352,51215005,45.06944,7.638789999999999
1353,51221009,45.04,7.6396
1354,51282005,45.09636,7.64134
1355,51318006,45.075990000000004,7.64341
1357,51348009,45.04599,7.645560000000001
1359,51396009,45.04724,7.647419999999999
1360,51451007,45.070809999999994,7.64945
1361,51499006,45.017140000000005,7.6508199999999995
1362,51501008,45.03725,7.651489999999999
1363,51531009,45.04817,7.65247
1364,50721015,45.07185,7.61103
1365,50726016,45.02104,7.61307
1366,50734021,45.03158,7.61453
1367,50736016,45.05953,7.61379
1369,50784013,45.07168,7.61715
1370,50792017,45.07452,7.61753
1371,50817014,45.06958,7.6192899999999995
1373,50825019,45.02811,7.6208800000000005
1374,50835012,45.08177,7.62038
1375,50864017,45.049459999999996,7.6227
1376,50869013,45.04052,7.623489999999999
1377,50908011,45.10399,7.62395
1378,50954011,45.05363,7.628419999999999
1379,50976014,45.07212,7.62863
1380,50992014,45.08198,7.628939999999999
1381,51012014,45.02413,7.63132
1383,51164012,45.07748,7.63633
1384,51180008,45.06955,7.6371899999999995
1385,51191006,45.08149,7.63742
1386,51192010,45.018359999999994,7.63892
1387,51196011,45.04241,7.638610000000001
1389,51294007,45.0553,7.644
1390,51370008,45.07962,7.645510000000001
1392,51432011,45.09752,7.647239999999999
1393,51445010,45.07568,7.6482600000000005
1394,51474006,45.04911,7.64995
1396,51440009,45.10221,7.64739
1397,51449006,45.08274,7.64836
1398,51464007,45.07564,7.64905
1400,51546006,45.07975,7.65238
1401,51612009,45.02645,7.65682
1402,51614006,45.07273,7.6558600000000006
1403,51615007,45.03285,7.65637
1404,51622006,45.082,7.655639999999999
1407,51654008,45.102109999999996,7.65623
1408,51675010,45.09703,7.65694
1410,51714004,45.04895,7.66025
1411,51721004,45.089,7.65907
1414,51758005,45.04653,7.66175
1415,51790004,45.10905,7.6615899999999995
1416,51800005,45.06258,7.66277
1417,51875005,45.03114,7.666689999999999
1418,51876004,45.02077,7.6668
1419,51884004,45.05818,7.6665399999999995
1420,51922003,45.09535,7.667510000000001
1421,51941004,45.068659999999994,7.6687
1422,51952004,45.07329,7.66763
1424,52017002,45.04755,7.672289999999999
1425,52044003,45.04188,7.67513
1426,50927016,45.10597,7.6251
1427,50996009,45.04743,7.629980000000001
1428,51002007,45.03633,7.63035
1429,51003007,45.019090000000006,7.630789999999999
1430,51030007,45.10284,7.6300300000000005
1431,51052007,45.04642,7.6329
1432,51085009,45.10597,7.63283
1433,51090007,45.07144,7.63369
1435,51121006,45.02415,7.63628
1436,51147007,45.02663,7.637010000000001
1437,51150007,45.07532,7.63595
1438,51181009,45.0355,7.6381
1439,51189006,45.028659999999995,7.63863
1443,51211008,45.09711,7.6379
1444,51234008,45.025940000000006,7.63922
1445,51245010,45.02812,7.641210000000001
1447,51263010,45.10153,7.64
1448,51267006,45.05155,7.641360000000001
1449,51312008,45.045840000000005,7.64381
1450,51317009,45.09901,7.64302
1451,51330013,45.06439,7.644489999999999
1452,51336009,45.05595,7.64498
1453,51338007,45.02328,7.64628
1454,51342011,45.0448,7.64538
1455,51359007,45.032509999999995,7.6461
1457,51770005,45.04182,7.66215
1458,51830006,45.056059999999995,7.66414
1459,51831005,45.05265,7.66431
1460,51841005,45.01188,7.66562
1461,51854004,45.01851,7.665939999999999
1462,51893004,45.0793,7.66648
1463,51895004,45.07772,7.6665600000000005
1464,51962003,45.09941,7.66887
1465,51963004,45.06604,7.66988
1466,52025003,45.04705,7.67275
1467,52045004,45.10413,7.6727300000000005
1468,52058003,45.06139,7.67457
1469,52092003,45.06021,7.675660000000001
1471,52156002,45.0531,7.67945
1472,52171002,45.05324,7.680039999999999
1473,52179002,45.08981,7.6796
1474,52239003,45.05505,7.6848399999999994
1475,52242004,45.04336,7.68497
1477,52284003,45.082,7.68708
1478,52293003,45.0779,7.6879
1479,52299005,45.079029999999996,7.6885
1480,52314004,45.07699,7.690010000000001
1481,52331004,45.03454,7.692239999999999
1482,52342004,45.03203,7.693039999999999
1483,52349003,45.08061,7.69261
1484,52364003,45.04538,7.69411
1485,52382004,45.05473,7.695360000000001
1486,52387003,45.08773,7.6954199999999995
1487,52400004,45.05554,7.69653
1488,50879013,45.01356,7.624619999999999
1490,50955020,45.02517,7.62965
1491,50961026,45.01762,7.62949
1492,50971010,45.056509999999996,7.62898
1493,50972017,45.04772,7.6292
1498,51045009,45.0498,7.63249
1499,51081007,45.055440000000004,7.633719999999999
1500,51094012,45.06455,7.63409
1501,51095005,45.04822,7.63455
1502,51100004,45.040620000000004,7.63485
1503,51107005,45.03192,7.635280000000001
1504,51108007,45.096340000000005,7.633780000000001
1505,51126006,45.08169,7.63474
1507,51187007,45.07945,7.63718
1508,51228007,45.030809999999995,7.64014
1509,51236006,45.044090000000004,7.640219999999999
1510,51247011,45.07932,7.639869999999999
1511,51251006,45.10216,7.63945
1512,51279006,45.08121,7.641560000000001
1514,51363008,45.07796,7.64498
1516,51419015,45.01886,7.64858
1518,51432010,45.09733,7.647460000000001
1540,50414030,45.07164,7.55232
1543,50453010,45.07493,7.56557
1544,50466021,45.092,7.56705
1545,50503011,45.06643,7.573239999999999
1546,50516012,45.057590000000005,7.576389999999999
1547,50526016,45.05235,7.57785
1548,50532014,45.01936,7.58011
1549,50551026,45.09619,7.58132
1550,50566011,45.02798,7.58632
1551,50585009,45.05231,7.590560000000001
1552,51386010,45.01784,7.6475100000000005
1553,51392011,45.02691,7.64668
1555,51460005,45.053779999999996,7.64958
1556,51475005,45.02214,7.6508
1558,51505008,45.04958,7.65102
1559,51527008,45.072390000000006,7.651610000000001
1560,51543008,45.03942,7.65389
1561,51550005,45.09346,7.65198
1562,51561006,45.083940000000005,7.65304
1563,51584008,45.05358,7.654610000000001
1564,51588006,45.098040000000005,7.65373
1566,51614007,45.07224,7.65557
1567,51619005,45.04172,7.65649
1568,51622007,45.08198,7.65602
1570,51697005,45.0572,7.65908
1571,51738005,45.05975,7.660889999999999
1572,51754005,45.10048,7.660139999999999
1573,51769004,45.06006,7.66172
1574,51784006,45.06884,7.662160000000001
1575,51818007,45.10835,7.662730000000001
1576,51828004,45.1021,7.6631100000000005
1578,51900005,45.10824,7.66605
1579,51911003,45.06106,7.66782
1580,51915002,45.077420000000004,7.66759
1581,51936003,45.0683,7.66858
1582,51963003,45.06604,7.66954
1584,52419004,45.06151,7.697189999999999
1585,52423003,45.10588,7.696689999999999
1586,52452004,45.01024,7.640510000000001
1587,52459003,45.06345,7.699089999999999
1588,52461003,45.09724,7.6984699999999995
1589,52465003,45.06593,7.6993
1590,52480003,45.10083,7.69946
1591,52510003,45.07107,7.7025
1592,52520002,45.06947,7.70384
1593,52542003,45.070859999999996,7.70564
1594,52567003,45.066720000000004,7.708019999999999
1595,52596004,45.06713,7.709110000000001
1597,52623005,45.06406,7.71069
1598,52630002,45.0841,7.7107600000000005
1601,52660002,45.05208,7.713439999999999
1602,52704002,45.09321,7.71502
1603,52773002,45.04703,7.72261
1606,52814001,45.02132,7.727239999999999
1607,52818001,45.10321,7.7256800000000005
1608,52824001,45.10374,7.726210000000001
1609,52832002,45.106190000000005,7.72721
1610,52843001,45.006879999999995,7.73078
1611,52845001,45.00628,7.73083
1612,52859001,45.00909,7.73185
1614,51433006,45.06538,7.6479800000000004
1615,51453007,45.0435,7.64942
1616,51493007,45.094440000000006,7.649610000000001
1617,51494011,45.03667,7.651
1618,51501007,45.036970000000004,7.651160000000001
1619,51529006,45.06507,7.6520399999999995
1621,51556007,45.09292,7.652410000000001
1622,51562004,45.07116,7.6534
1624,51584009,45.0535,7.654910000000001
1626,51631005,45.07506,7.656289999999999
1627,51633004,45.05404,7.65671
1628,51655005,45.01208,7.64917
1629,51677004,45.102,7.65694
1630,51734007,45.04013,7.661010000000001
1633,51796008,45.108540000000005,7.70419
1634,51803004,45.08104,7.662710000000001
1635,51852005,45.022940000000006,7.6656699999999995
1636,51921009,45.07005,7.663760000000001
1637,51944004,45.053000000000004,7.669010000000001
1638,51952003,45.07335,7.667510000000001
1639,51974003,45.064479999999996,7.6700800000000005
1640,51983003,45.10072,7.66977
1641,52021005,45.05565,7.58622
1642,52022002,45.029109999999996,7.67289
1645,50659017,45.073859999999996,7.60412
1647,50674015,45.036229999999996,7.604769999999999
1649,50725016,45.02172,7.612239999999999
1650,50771017,45.03225,7.6170800000000005
1651,50789014,45.0449,7.61803
1652,50800019,45.01016,7.62086
1653,50803015,45.03702,7.61983
1654,50826018,45.05076,7.62057
1655,50842012,45.06745,7.62107
1656,50872010,45.09921,7.62229
1657,50918014,45.0361,7.62631
1658,50923013,45.10426,7.62515
1659,50924014,45.1012,7.625
1660,50958017,45.004529999999995,7.63005
1661,50966012,45.10032,7.627669999999999
1662,50985011,45.02026,7.630160000000001
1663,51033011,45.0648,7.6313
1664,51040005,45.075109999999995,7.631689999999999
1665,51046009,45.06785,7.6321
1667,51089008,45.046209999999995,7.634360000000001
1668,51093010,45.080040000000004,7.63363
1672,51151005,45.0313,7.63709
1673,51186008,45.0994,7.63658
1674,51194008,45.02884,7.6389
1676,51244005,45.03651,7.64089
1678,51276005,45.07221,7.64107
1679,51283009,45.0393,7.64265
1680,51310008,45.07489,7.64312
1681,51314007,45.07031,7.6423
1682,51320008,45.0557,7.6442
1683,51322008,45.1031,7.64324
1684,51324010,45.03736,7.64478
1685,51363007,45.07805,7.645289999999999
1686,51378015,45.10565,7.645169999999999
1687,51391006,45.09572,7.64601
1691,51459008,45.01651,7.65027
1692,51477007,45.08297,7.649310000000001
1693,51489007,45.08024,7.64975
1694,51554009,45.0396,7.65411
1695,51581007,45.05359,7.65327
1696,51596006,45.01725,7.6557699999999995
1697,51609006,45.06242,7.65556
1698,51711004,45.01741,7.66135
1700,51740004,45.01563,7.662389999999999
1701,51775005,45.047,7.6623600000000005
1702,51794006,45.08392,7.66147
1703,51807004,45.01925,7.66415
1704,51878007,45.0588,7.66605
1705,51910003,45.09514,7.66748
1707,50633010,45.05196,7.5994
1709,50696028,45.01702,7.6097600000000005
1711,50762015,45.052609999999994,7.61563
1712,50766017,45.0463,7.61613
1714,50799013,45.070840000000004,7.597289999999999
1715,50848015,45.041740000000004,7.622210000000001
1716,50875011,45.06968,7.623130000000001
1717,50885015,45.08404,7.623360000000001
1718,50911016,45.05727,7.625260000000001
1719,50955016,45.025090000000006,7.62909
1720,50988011,45.03372,7.629989999999999
1721,51036010,45.10331,7.630739999999999
1723,51075007,45.02336,7.63445
1724,51086005,45.07928,7.633369999999999
1725,51121005,45.0245,7.636
1727,51142008,45.02422,7.63621
1728,51154008,45.07994,7.63605
1729,51175006,45.04467,7.637569999999999
1730,51229007,45.056779999999996,7.639410000000001
1731,51233007,45.0275,7.6406
1732,51278005,45.10161,7.640969999999999
1735,51337007,45.064659999999996,7.64478
1736,51347009,45.06689,7.6449300000000004
1738,50682010,45.06214,7.60694
1739,50684012,45.050990000000006,7.60743
1740,50722018,45.0207,7.61234
1741,50729023,45.07185,7.55351
1742,50733010,45.03118,7.67864
1743,50739016,45.099090000000004,7.61065
1744,50754021,45.00568,7.61595
1745,50785012,45.01889,7.618460000000001
1746,50854010,45.07928,7.621589999999999
1747,50858017,45.017179999999996,7.62387
1748,50879014,45.01347,7.62485
1749,50895010,45.083870000000005,7.6238
1750,50902015,45.08162,7.623639999999999
1751,50931014,45.06017,7.626580000000001
1752,50932013,45.08618,7.62598
1753,50955019,45.02512,7.62942
1754,50983012,45.037420000000004,7.629739999999999
1756,51047008,45.0354,7.63289
1757,51064010,45.03875,7.633489999999999
1758,51066006,45.02323,7.633710000000001
1759,51067005,45.04908,7.63335
1761,51167010,45.105740000000004,7.63582
1762,51185006,45.041940000000004,7.638
1763,51214006,45.029720000000005,7.63968
1765,51235006,45.083079999999995,7.639360000000001
1766,51243009,45.046440000000004,7.64077
1767,51269005,45.04623,7.64168
1768,51275006,45.02925,7.642469999999999
1769,50911017,45.05706,7.6254100000000005
1770,50928011,45.039320000000004,7.62675
1771,50928012,45.03946,7.626760000000001
1772,50943013,45.01572,7.628430000000001
1773,50946013,45.08393,7.627160000000001
1774,50986013,45.098209999999995,7.628360000000001
1775,51054007,45.01923,7.63375
1776,51079007,45.03622,7.63417
1777,51109005,45.024190000000004,7.63541
1778,51132018,45.07472,7.635110000000001
1779,51135005,45.06136,7.635210000000001
1780,51158007,45.02645,7.63732
1781,51168009,45.09734,7.59825
1782,51205006,45.03405,7.63915
1783,51222007,45.03922,7.63962
1784,51246010,45.01427,7.637460000000001
1785,51309008,45.03436,7.64398
1786,51361011,45.06454,7.64545
1787,51371009,45.06017,7.6458699999999995
1788,51381012,45.109629999999996,7.6451899999999995
1791,51457010,45.04402,7.64951
1792,51461006,45.07863,7.648910000000001
1793,51465006,45.05192,7.650010000000001
1794,51466007,45.1018,7.648460000000001
1795,51502008,45.10714,7.64952
1796,51503007,45.05703,7.650980000000001
1797,51512006,45.10587,7.64991
1798,51536005,45.05095,7.65269
1799,51565010,45.10072,7.652839999999999
1800,51567007,45.0842,7.65327
1801,51431005,45.08084,7.647689999999999
1802,51465005,45.05157,7.649610000000001
1803,51509006,45.08467,7.65038
1804,51519008,45.025240000000004,7.65225
1806,51608007,45.07042,7.65543
1807,51612010,45.025890000000004,7.656289999999999
1808,51636006,45.0801,7.656289999999999
1809,51653005,45.08846,7.65648
1811,51713004,45.03945,7.660410000000001
1812,51720005,45.06947,7.65999
1813,51752008,45.04677,7.66144
1815,51848005,45.05049,7.664739999999999
1816,51868008,45.00996,7.666910000000001
1817,51880005,45.05423,7.66648
1818,51905003,45.05154,7.667619999999999
1819,51912003,45.06373,7.66795
1820,51920003,45.01812,7.6692100000000005
1821,51966002,45.08723,7.66954
1822,51970003,45.08117,7.6698
1823,51984007,45.05474,7.58656
1824,51989004,45.00543,7.67232
1826,52002003,45.06276,7.6712
1827,52042002,45.10176,7.672630000000001
1828,52054004,45.07082,7.67415
1829,52103003,45.04676,7.6769300000000005
1830,52119002,45.06235,7.67714
1832,51409010,45.080220000000004,7.646789999999999
1835,51520011,45.02466,7.6523
1836,51535008,45.06338,7.6527199999999995
1839,51659005,45.08918,7.656610000000001
1840,51684009,45.08341,7.65758
1842,51728005,45.0604,7.66029
1843,51729007,45.08005,7.659910000000001
1844,51739007,45.07443,7.66057
1845,51752007,45.04703,7.661639999999999
1846,51800004,45.06277,7.66304
1847,51809005,45.0517,7.66366
1848,51813006,45.04437,7.66397
1849,51845004,45.07861,7.664160000000001
1850,51850005,45.07318,7.664439999999999
1851,51870006,45.0215,7.66667
1852,51877004,45.06736,7.66582
1853,51901005,45.01631,7.668360000000001
1854,51950003,45.073440000000005,7.66799
1855,52007003,45.05535,7.6718
1857,52046005,45.09584,7.673089999999999
1858,52056005,45.07135,7.67442
1859,52069003,45.064409999999995,7.6745
1860,52084003,45.03422,7.67635
1861,52108003,45.029090000000004,7.677560000000001
1862,52117004,45.09715,7.6764
1863,50582027,45.08295,7.58207
1864,50609031,45.0511,7.59444
1865,50637018,45.0746,7.600280000000001
1866,50647015,45.03672,7.60274
1867,50654013,45.09787,7.6029
1868,50714010,45.016220000000004,7.6115699999999995
1869,50750012,45.08853,7.57517
1871,50795019,45.01435,7.61955
1872,50799014,45.07098,7.597460000000001
1873,50812015,45.07156,7.618930000000001
1874,50846012,45.00773,7.622960000000001
1875,50851018,45.02316,7.6226899999999995
1876,50853016,45.0136,7.623060000000001
1878,50919015,45.10625,7.624630000000001
1879,50919016,45.10611,7.6248
1880,50925012,45.01579,7.627439999999999
1881,50958016,45.00496,7.629560000000001
1883,50974011,45.09841,7.627999999999999
1884,51000007,45.05133,7.62989
1885,51004010,45.05375,7.63006
1886,51023007,45.06462,7.630739999999999
1888,51050006,45.03266,7.63318
1890,51068007,45.07101,7.63288
1892,51140007,45.02213,7.63657
1893,51275007,45.029140000000005,7.6425600000000005
1894,51484008,45.0649,7.65009
1896,51540005,45.05874,7.65262
1897,51585009,45.08222,7.653969999999999
1898,51601008,45.079409999999996,7.65503
1899,51706003,45.019059999999996,7.66051
1900,51719004,45.08917,7.65914
1901,51721005,45.08893,7.65915
1903,51761004,45.018609999999995,7.66295
1904,51783005,45.04241,7.662780000000001
1905,51823005,45.04456,7.664289999999999
1907,51862009,45.03078,7.66661
1908,51863005,45.10552,7.66413
1909,51877005,45.0675,7.665839999999999
1910,51892005,45.04915,7.66723
1911,51898003,45.08338,7.667160000000001
1913,51921008,45.06978,7.66405
1914,51974002,45.06432,7.6701
1915,51993002,45.10799,7.67001
1916,52018002,45.06284,7.67202
1917,52020002,45.095690000000005,7.6715
1918,52025008,45.0469,7.67288
1919,52035003,45.0823,7.67195
1920,52041003,45.06839,7.67318
1921,52053002,45.107690000000005,7.67315
1922,52081007,45.071220000000004,7.67523
1923,52086008,45.0617,7.65791
1924,52157003,45.03436,7.6799100000000005
1927,52055004,45.05833,7.67432
1928,52078004,45.0671,7.67536
1929,52085002,45.02349,7.67673
1930,52092004,45.060629999999996,7.67599
1931,52134004,45.0811,7.67775
1932,52197003,45.04422,7.68156
1933,52241002,45.09851,7.68353
1934,52246003,45.06058,7.68463
1935,52266004,45.10402,7.685560000000001
1936,52313007,45.06803,7.69021
1937,52360005,45.07054,7.693639999999999
1938,52362004,45.06252,7.69393
1939,52368004,45.090309999999995,7.69353
1940,52379004,45.10062,7.693789999999999
1941,52383002,45.093999999999994,7.6948300000000005
1942,52385003,45.06908,7.695360000000001
1943,52396007,45.09448,7.694780000000001
1945,52409004,45.06503,7.69683
1946,52443004,45.058820000000004,7.698810000000001
1948,52448003,45.066109999999995,7.69826
1949,52457003,45.06286,7.69915
1950,52460003,45.05028,7.69952
1951,52464004,45.071659999999994,7.698860000000001
1952,52474003,45.05068,7.700239999999999
1954,52581002,45.02959,7.70925
1957,51288006,45.03504,7.64308
1958,51306009,45.04553,7.64359
1959,51307006,45.042159999999996,7.64429
1963,51367006,45.08113,7.6452
1964,51396010,45.04732,7.64726
1965,51403007,45.03208,7.647710000000001
1966,51411011,45.0707,7.6470199999999995
1967,51455006,45.03557,7.6496
1968,51475006,45.02223,7.650510000000001
1970,51542009,45.088190000000004,7.6520399999999995
1971,51564010,45.025690000000004,7.65451
1972,51568007,45.041579999999996,7.65448
1973,51580007,45.05097,7.65451
1974,51580008,45.05109,7.654730000000001
1975,51600008,45.09197,7.65435
1976,51617006,45.04136,7.65654
1979,51680005,45.04371,7.65862
1980,51752006,45.046890000000005,7.66165
1981,51776005,45.022009999999995,7.662839999999999
1982,51815005,45.045609999999996,7.66401
1984,51902005,45.02851,7.668010000000001
1985,51904003,45.07416,7.666289999999999
1986,51955002,45.07431,7.66863
1988,51246009,45.01437,7.6376100000000005
1989,51253014,45.03609,7.64112
1990,51267005,45.051559999999995,7.6416699999999995
1991,51273007,45.0678,7.64142
1992,51274005,45.0607,7.64412
1993,51281010,45.02426,7.64319
1994,51326007,45.10351,7.64325
1995,51331006,45.0665,7.644589999999999
1996,51335006,45.060109999999995,7.6447899999999995
1997,51340007,45.06158,7.644889999999999
1998,51399010,45.05735,7.64712
1999,51420009,45.040890000000005,7.64813
2001,51446006,45.00913,7.65003
2002,51507006,45.09655,7.64995
2003,51508007,45.01532,7.65183
2004,51514006,45.02516,7.65194
2006,51552010,45.02039,7.65451
2007,51600007,45.091840000000005,7.65459
2008,51602005,45.06576,7.655310000000001
2009,51608008,45.070209999999996,7.65523
2010,51618005,45.0909,7.6554199999999994
2011,51630003,45.05279,7.6566600000000005
2013,51696005,45.04416,7.65936
2014,51748009,45.10025,7.660419999999999
2016,51826004,45.0991,7.66303
2018,51867004,45.05007,7.6658800000000005
2019,52068003,45.04633,7.674910000000001
2020,52070008,45.05381,7.675680000000001
2021,52136003,45.089459999999995,7.67705
2022,52137005,45.06385,7.67824
2023,52154002,45.01638,7.6802399999999995
2024,52158003,45.08932,7.67898
2025,52189003,45.09901,7.679860000000001
2026,52215003,45.051159999999996,7.682169999999999
2027,52242003,45.04326,7.684760000000001
2028,52255003,45.03474,7.68628
2029,52270004,45.0755,7.686719999999999
2030,52278004,45.10913,7.68628
2031,52304003,45.05867,7.690010000000001
2032,52312009,45.03306,7.690980000000001
2033,52330376,45.053129999999996,7.691789999999999
2034,52359004,45.08505,7.693230000000001
2035,52392003,45.06583,7.695689999999999
2036,52399003,45.102909999999994,7.69528
2038,52405003,45.106390000000005,7.69548
2039,52438003,45.0509,7.6986300000000005
2040,52447005,45.07669,7.69868
2042,52470003,45.097770000000004,7.69879
2043,52492003,45.08504,7.70097
2046,52540003,45.108579999999996,7.7046
2047,52547003,45.0528,7.7063
2048,52576003,45.08818,7.7079
2049,52580003,45.04804,7.70883
2050,51987003,45.005140000000004,7.672289999999999
2051,52003003,45.037690000000005,7.671810000000001
2052,52087003,45.07393,7.67545
2053,52109003,45.10457,7.67593
2054,52113005,45.06876,7.6765300000000005
2056,52146006,45.06276,7.679010000000001
2057,52212003,45.100970000000004,7.68094
2058,52213004,45.069959999999995,7.6813
2059,52236004,45.01116,7.68503
2060,52237004,45.03433,7.6847199999999996
2061,52255004,45.03456,7.68628
2062,52290003,45.05043,7.68812
2063,52346002,45.05344,7.693219999999999
2064,52354003,45.082809999999995,7.692810000000001
2065,52374004,45.06471,7.695810000000001
2066,52395003,45.06927,7.695289999999999
2067,52416004,45.042970000000004,7.69746
2068,52426002,45.03549,7.69849
2069,52438002,45.05113,7.69867
2070,52495005,45.10223,7.701060000000001
2071,52502004,45.040729999999996,7.70269
2072,52506010,45.04325,7.63399
2073,52563003,45.0719,7.707489999999999
2077,52621004,45.03247,7.7111600000000005
2079,52664003,45.04007,7.71386
2080,52671003,45.09132,7.713019999999999
2081,51389006,45.10029,7.6458
2082,51401012,45.04783,7.64739
2083,51421007,45.09523,7.64686
2084,51428005,45.06472,7.64802
2085,51444005,45.02189,7.650339999999999
2086,51446007,45.00904,7.6497
2087,51468007,45.10014,7.6486
2088,51483007,45.03153,7.65085
2090,51498010,45.05446,7.6508
2091,51504006,45.08563,7.650460000000001
2092,51504007,45.08526,7.650510000000001
2093,51516009,45.0308,7.65182
2094,51523005,45.01063,7.652810000000001
2095,51545007,45.075790000000005,7.6524600000000005
2096,51579005,45.10052,7.65337
2097,51605007,45.04125,7.65595
2098,51687004,45.0187,7.6597100000000005
2099,51691004,45.01243,7.659669999999999
2101,51732004,45.05215,7.660589999999999
2102,51739008,45.07459,7.66061
2103,51760006,45.01755,7.66251
2104,51774004,45.07632,7.66155
2105,51784005,45.06861,7.662310000000001
2106,51811006,45.09236,7.66264
2108,51815006,45.045390000000005,7.66425
2109,51816004,45.10624,7.6626199999999995
2110,51869007,45.01383,7.65941
2111,51886004,45.00892,7.66775
2114,51303005,45.03413,7.64377
2116,51329014,45.07557,7.64395
2118,51430006,45.01914,7.64912
2120,51439005,45.00507,7.649789999999999
2121,51443008,45.0107,7.64965
2122,51477008,45.08307,7.64952
2123,51487010,45.06439,7.650289999999999
2124,51487011,45.06455,7.65
2125,51515009,45.08015,7.65055
2127,51560007,45.02747,7.65419
2128,51563006,45.0149,7.654730000000001
2129,51602006,45.06576,7.655139999999999
2130,51624007,45.07966,7.655939999999999
2131,51629006,45.076679999999996,7.656060000000001
2132,51647005,45.03968,7.65746
2133,51672004,45.04079,7.658189999999999
2135,51737004,45.017920000000004,7.6616100000000005
2136,51737005,45.018209999999996,7.6619399999999995
2139,51759007,45.0181,7.66282
2140,51779004,45.018209999999996,7.662439999999999
2141,51782005,45.05142,7.662489999999999
2142,51794005,45.083909999999996,7.66229
2143,51553006,45.09578,7.65228
2144,51557008,45.071259999999995,7.65296
2145,51564009,45.025929999999995,7.65457
2146,51570007,45.02398,7.65487
2147,51603008,45.04099,7.6558399999999995
2148,51612008,45.02605,7.657210000000001
2150,51635005,45.01404,7.65773
2151,51637007,45.07711,7.65643
2153,51644005,45.05441,7.657089999999999
2154,51649006,45.08122,7.656510000000001
2155,51657006,45.094770000000004,7.656460000000001
2156,51670005,45.081140000000005,7.657189999999999
2157,51701005,45.08278,7.658689999999999
2158,51720010,45.06913,7.65913
2160,51742005,45.04954,7.66127
2161,51777003,45.050709999999995,7.66222
2163,51841004,45.0117,7.66558
2164,51868009,45.01021,7.66688
2165,51872007,45.06451,7.66598
2166,51886005,45.00909,7.667789999999999
2168,51951003,45.056999999999995,7.6693
2170,51979003,45.08747,7.669689999999999
2171,51981002,45.077090000000005,7.67033
2172,51994002,45.043659999999996,7.671710000000001
2173,52008002,45.09131,7.67052
2174,52170002,45.0536,7.67995
2175,52240002,45.05442,7.6845
2176,52259003,45.07945,7.685230000000001
2177,52279003,45.08915,7.687410000000001
2178,52307005,45.02162,7.62021
2179,52321003,45.074290000000005,7.6905
2180,52322003,45.08717,7.69039
2181,52362003,45.06248,7.693739999999999
2183,52396003,45.09469,7.69469
2184,52396004,45.0948,7.695460000000001
2185,52423002,45.10586,7.69636
2187,52484004,45.08019,7.70012
2189,52536003,45.08685,7.7049199999999995
2190,52536004,45.08664,7.704860000000001
2197,52692002,45.09279,7.71431
2198,52714001,45.0945,7.71604
2200,52728001,45.06883,7.71732
2201,52730001,45.048320000000004,7.71835
2202,52754002,45.053020000000004,7.7210399999999995
2206,52143002,45.098690000000005,7.67766
2208,52146003,45.06284,7.6788300000000005
2209,52159002,45.078379999999996,7.67899
2210,52175002,45.04612,7.68041
2212,52194003,45.088,7.6802399999999995
2213,52207004,45.073570000000004,7.68163
2214,52209004,45.0618,7.68164
2215,52237003,45.03451,7.68469
2216,52261004,45.0336,7.68688
2217,52314003,45.0771,7.689989999999999
2218,52316004,45.05277,7.690760000000001
2219,52348003,45.077259999999995,7.69262
2220,52351003,45.10759,7.6921
2222,52372004,45.08631,7.69378
2223,52394004,45.10282,7.694889999999999
2225,52430003,45.097840000000005,7.697369999999999
2226,52441002,45.06211,7.6988
2228,52480004,45.101259999999996,7.69981
2229,52488003,45.05389,7.701110000000001
2230,52495004,45.10199,7.701010000000001
2231,52500003,45.060959999999994,7.702319999999999
2232,52509004,45.104820000000004,7.70172
2233,52519003,45.065059999999995,7.703710000000001
2234,52526004,45.076370000000004,7.6667
2236,52537003,45.059940000000005,7.70552
2237,51568008,45.04167,7.654319999999999
2238,51572006,45.09809,7.65322
2239,51586007,45.07602,7.65417
2240,51611005,45.06215,7.655689999999999
2242,51669007,45.06143,7.65758
2243,51707005,45.01547,7.66062
2246,51758004,45.046440000000004,7.6618699999999995
2247,51767005,45.10845,7.66055
2250,51818008,45.10852,7.66257
2252,51887004,45.079640000000005,7.6661600000000005
2253,51926003,45.05686,7.66869
2254,51983004,45.10074,7.67005
2255,51996007,45.03376,7.67213
2256,52066002,45.07156,7.674639999999999
2257,52070004,45.05348,7.6753100000000005
2258,52105004,45.057829999999996,7.6771199999999995
2259,52113004,45.06947,7.67708
2260,52122003,45.02944,7.678039999999999
2261,52149002,45.05233,7.679289999999999
2262,52181004,45.06375,7.67899
2263,52193004,45.106609999999996,7.679819999999999
2264,52198004,45.03935,7.681710000000001
2265,52250003,45.00718,7.68652
2266,52292002,45.088809999999995,7.6875
2267,52301003,45.08432,7.68854
2268,52221003,45.069520000000004,7.682230000000001
2269,52221004,45.069320000000005,7.68204
2270,52222002,45.0771,7.68215
2271,52230003,45.09876,7.68235
2272,52236003,45.011309999999995,7.6851199999999995
2273,52266003,45.104079999999996,7.685860000000001
2274,52274004,45.06395,7.687130000000001
2275,52321004,45.074670000000005,7.6902800000000004
2276,52324002,45.075340000000004,7.69067
2277,52329001,45.05089,7.6917100000000005
2278,52341004,45.07114,7.6925
2279,52344002,45.09548,7.69185
2280,52355003,45.09083,7.692769999999999
2282,52390003,45.054790000000004,7.6957
2285,52427002,45.0667,7.6977199999999995
2286,52467003,45.09852,7.69875
2287,52521003,45.09473,7.70328
2288,52541002,45.07184,7.70556
2289,52543003,45.09652,7.70517
2294,52591003,45.08825,7.708480000000001
2295,52592004,45.06695,7.7091199999999995
2296,52602004,45.05323,7.709960000000001
2299,52659004,45.063990000000004,7.7129199999999996
2300,51881004,45.017790000000005,7.667260000000001
2301,51953003,45.03978,7.669989999999999
2302,51955008,45.07419,7.6684600000000005
2303,51968003,45.03022,7.67068
2304,51977002,45.05953,7.670260000000001
2305,52002002,45.06261,7.67148
2306,52040002,45.04446,7.67353
2307,52089003,45.09373,7.6751
2308,52091003,45.072309999999995,7.67524
2309,52141004,45.0923,7.67679
2310,52182003,45.10716,7.67932
2311,52229003,45.077020000000005,7.68295
2312,52264004,45.084509999999995,7.686210000000001
2313,52280003,45.05955,7.687530000000001
2314,52287003,45.07007,7.6875
2315,52326002,45.08036,7.69067
2316,52329002,45.050990000000006,7.691560000000001
2317,52331003,45.03441,7.6923
2318,52345003,45.076609999999995,7.692410000000001
2319,52352003,45.07517,7.69297
2320,52370004,45.047259999999994,7.6944
2321,52446003,45.06194,7.698639999999999
2322,52447003,45.07695,7.69843
2323,52449003,45.10913,7.69767
2324,52450003,45.08347,7.69787
2325,52475004,45.041990000000006,7.7006
2326,52484003,45.08011,7.70032
2327,52504003,45.091440000000006,7.701689999999999
2328,52515004,45.09601,7.701560000000001
2331,52475003,45.04214,7.70067
2332,52502003,45.04072,7.702889999999999
2333,52508002,45.077709999999996,7.70229
2334,52511005,45.07093,7.65619
2335,52556002,45.040890000000005,7.70748
2336,52586003,45.0933,7.708080000000001
2338,52628003,45.09165,7.71053
2341,52678003,45.06827,7.71398
2342,52708001,45.06057,7.71623
2344,52735002,45.05205,7.71863
2345,52766001,45.02349,7.722689999999999
2346,52772002,45.04213,7.72233
2348,52826002,45.05277,7.727860000000001
2349,52827001,45.0044,7.72912
2350,52858001,45.07509,7.73038
2351,52895001,45.08587,7.733410000000001
2352,52906002,45.07912,7.73602
2385,53565001,45.00456,7.596480000000001
2391,53766001,45.07808,7.64985
2392,53791001,45.06811,7.55185
2395,52618003,45.0973,7.70972
2396,52631004,45.09397,7.71058
2397,52695003,45.093790000000006,7.714519999999999
2398,52749002,45.05733,7.72047
2399,52751001,45.069179999999996,7.720389999999999
2400,52755001,45.043,7.72107
2402,52777001,45.06678,7.7207300000000005
2404,52813001,45.0554,7.726369999999999
2408,52888001,45.07842,7.73285
2410,52914001,45.10119,7.736510000000001
2411,52940001,45.07411,7.7405
2427,51173006,45.10348,7.636089999999999
2428,51227014,45.03018,7.6398600000000005
2429,51242006,45.064609999999995,7.64019
2430,51286007,45.03443,7.6429800000000006
2431,51301004,45.018609999999995,7.64407
2432,51305005,45.01895,7.6442
2433,51383006,45.10589,7.645389999999999
2434,51424011,45.073479999999996,7.647460000000001
2436,51458007,45.00936,7.650589999999999
2437,51478005,45.06525,7.649719999999999
2438,51513009,45.01897,7.611330000000001
2439,51528008,45.01975,7.64438
2440,51534006,45.07593,7.65205
2441,51542010,45.08807,7.6520600000000005
2443,51601007,45.07932,7.65468
2444,51606007,45.059490000000004,7.6555
2448,51688004,45.04396,7.658980000000001
2452,51744005,45.07611,7.66061
2454,51780007,45.1093,7.6611
2456,51829004,45.07867,7.6637
2457,51860005,45.04978,7.6653899999999995
2458,51861004,45.04958,7.6654100000000005
2459,51871004,45.10501,7.66475
2460,51878006,45.05883,7.66633
2462,51970002,45.08149,7.669569999999999
2463,51978003,45.08063,7.73107
2464,51996005,45.033809999999995,7.67243
2465,52002004,45.062509999999996,7.67117
2466,52007002,45.0557,7.67225
2467,52013002,45.06769,7.671589999999999
2468,52038003,45.06203,7.673080000000001
2469,52039002,45.10111,7.6722600000000005
2471,52082004,45.06252,7.675610000000001
2472,52130003,45.077529999999996,7.67731
2473,52190003,45.10909,7.67966
2474,52234004,45.08983,7.683110000000001
2475,52257005,45.05697,7.6862699999999995
2476,52299004,45.07905,7.68852
2477,52338003,45.071220000000004,7.69229
2478,52386004,45.0926,7.6948
2480,52425002,45.083490000000005,7.69728
2481,52499004,45.10465,7.7011199999999995
2482,52512003,45.09582,7.702319999999999
2483,52523003,45.05999,7.70431
2484,52557002,45.09832,7.7062
2485,52588003,45.09982,7.708010000000001
2488,52663005,45.07737,7.712999999999999
2489,52690003,45.06555,7.71483
2491,52724001,45.076859999999996,7.7170000000000005
2492,52740001,45.07463,7.718560000000001
2494,52771002,45.10603,7.72107
2495,52796001,45.09962,7.7238
2496,52796002,45.09941,7.7237100000000005
2497,52829001,45.099990000000005,7.72726
2498,52835001,45.05328,7.72893
2499,52855001,45.00938,7.73164
2502,52917001,45.01612,7.73888
2503,52969002,45.01644,7.6384300000000005
2522,51837003,45.0186,7.66538
2523,51931003,45.02664,7.6694
2524,51940003,45.05769,7.66896
2525,51943002,45.07103,7.6687899999999996
2526,51968004,45.0301,7.67082
2527,52030003,45.09835,7.67162
2528,52049003,45.10436,7.6729899999999995
2529,52057002,45.04704,7.67484
2530,52102004,45.08722,7.67514
2531,52107002,45.04255,7.6774
2533,52124004,45.07618,7.67703
2534,52132003,45.04531,7.678489999999999
2535,52139014,45.09127,7.67802
2536,52173004,45.0902,7.679810000000001
2537,52226003,45.05757,7.682860000000001
2539,52253003,45.0763,7.684589999999999
2540,52273003,45.02928,7.68785
2541,52296004,45.088440000000006,7.68796
2542,52306003,45.1086,7.688610000000001
2543,52332003,45.088390000000004,7.691210000000001
2544,52357004,45.05757,7.69366
2545,52369003,45.050509999999996,7.69445
2546,52436002,45.10887,7.69724
2547,52458003,45.06173,7.6994
2548,52538004,45.07443,7.705419999999999
2549,52539002,45.06581,7.70562
2552,51541005,45.06525,7.652489999999999
2553,51575011,45.053000000000004,7.61798
2554,51599009,45.07587,7.6548
2556,51682006,45.09583,7.65728
2557,51712005,45.09653,7.65902
2558,51715005,45.01597,7.66102
2559,51756004,45.06062,7.66137
2560,51806007,45.091409999999996,7.662439999999999
2561,51820004,45.09492,7.663139999999999
2562,51830005,45.05624,7.66459
2563,51856009,45.07632,7.66447
2564,51899004,45.10222,7.6663
2565,51930003,45.10065,7.667739999999999
2568,51976003,45.059129999999996,7.6561699999999995
2569,52015002,45.09387,7.670960000000001
2571,52114003,45.04954,7.67718
2573,52123003,45.050329999999995,7.67762
2574,52138002,45.06955,7.678030000000001
2575,52161004,45.10229,7.67857
2576,52169002,45.05088,7.67995
2577,52188004,45.01474,7.6816
2578,52198005,45.03944,7.68182
2581,52244004,45.009170000000005,7.685910000000001
2582,52268003,45.03495,7.68743
2583,52009002,45.03301,7.67214
2584,52011002,45.06731,7.671360000000001
2585,52015003,45.09403,7.671119999999999
2586,52028005,45.04728,7.673139999999999
2587,52052005,45.05167,7.6745399999999995
2589,52088002,45.05401,7.67595
2590,52090003,45.0789,7.67548
2591,52125003,45.04651,7.677739999999999
2592,52146002,45.06262,7.67904
2593,52172004,45.1048,7.678889999999999
2594,52187004,45.0706,7.680689999999999
2596,52208004,45.05226,7.681960000000001
2597,52218003,45.08956,7.681660000000001
2599,52308004,45.08509,7.689080000000001
2600,52309006,45.09055,7.689189999999999
2601,52325001,45.0933,7.6904699999999995
2602,52328001,45.07515,7.69102
2603,52335004,45.09505,7.691110000000001
2604,52337003,45.09554,7.6912
2605,52342003,45.031929999999996,7.6931899999999995
2606,52361003,45.0916,7.6934
2607,52378003,45.107279999999996,7.69255
2608,52380004,45.05923,7.694939999999999
2609,52396005,45.09466,7.6950899999999995
2610,52422002,45.05042,7.69765
2611,52497003,45.09135,7.70132
2612,52500004,45.0613,7.70206
2614,52607003,45.02768,7.71077
2615,52634004,45.09853,7.71085
2616,52641003,45.09194,7.7111
2617,52681003,45.09394,7.71358
2619,52791002,45.056000000000004,7.724530000000001
2620,52801001,45.05254,7.725389999999999
2621,52807001,45.05257,7.725810000000001
2622,52810001,45.07008,7.725639999999999
2624,52882001,45.06557,7.7324600000000006
2626,52914002,45.10092,7.73652
2645,51928003,45.007059999999996,7.6698
2646,52023007,45.096940000000004,7.671460000000001
2647,52051003,45.06633,7.67404
2648,52063002,45.06654,7.674589999999999
2649,52076002,45.072959999999995,7.675680000000001
2650,52105006,45.058209999999995,7.677569999999999
2652,52141005,45.09257,7.67773
2655,52185004,45.04846,7.68013
2656,52192003,45.06962,7.68067
2657,52207003,45.07366,7.68145
2658,52224003,45.04103,7.68324
2659,52264003,45.08422,7.68576
2660,52288004,45.086690000000004,7.686960000000001
2661,52289004,45.05901,7.687860000000001
2662,52298003,45.06577,7.68858
2663,52327001,45.10777,7.69008
2664,52335003,45.09503,7.691330000000001
2665,52339003,45.0605,7.69232
2667,52346003,45.053509999999996,7.69303
2668,52372003,45.0862,7.69373
2669,52379003,45.10041,7.693969999999999
2671,52556003,45.040729999999996,7.707510000000001
2673,52583003,45.039390000000004,7.7091899999999995
2675,52621003,45.03246,7.7114
2677,52813002,45.05552,7.72629
2679,52860001,45.021029999999996,7.731789999999999
2681,52904001,45.08709,7.73539
2710,52734002,45.073679999999996,7.7180100000000005
2712,52756001,45.05018,7.721019999999999
2714,52828001,45.10495,7.727010000000001
2718,52892001,45.0793,7.73314
2720,52900001,45.08672,7.73447
2721,52918001,45.01875,7.73895
2722,52939001,45.06061,7.7405800000000005
2741,50665022,45.03417,7.60572
2742,50708019,45.00721,7.61092
2743,50730018,45.06993,7.61286
2744,50747023,45.03215,7.61504
2746,50794018,45.0289,7.61885
2747,50803014,45.03665,7.619160000000001
2748,50831016,45.10143,7.61975
2749,50846013,45.007540000000006,7.6228
2750,50874013,45.0455,7.62361
2751,50901014,45.02183,7.62546
2752,50936012,45.06434,7.626810000000001
2753,50941009,45.06668,7.62723
2754,51009008,45.108940000000004,7.629
2755,51022008,45.06337,7.63068
2758,51136008,45.03345,7.63615
2759,51263008,45.10197,7.638889999999999
2761,51287008,45.02977,7.64314
2762,51325005,45.05596,7.644360000000001
2764,51400007,45.10516,7.64601
2765,51426006,45.04938,7.648219999999999
2766,51433007,45.06519,7.64807
2767,51437009,45.04372,7.64867
2768,51447006,45.03526,7.649189999999999
2770,51495010,45.02874,7.65119
2775,52645003,45.02487,7.71283
2778,52662003,45.09604,7.71241
2780,52760001,45.0499,7.7214
2781,52771001,45.10611,7.72078
2784,52819002,45.05487,7.72709
2785,52825001,45.00423,7.72853
2786,52832001,45.10629,7.727530000000001
2787,52841001,45.10861,7.728280000000001
2788,52856001,45.10347,7.72967
2789,52876004,45.08047,7.731660000000001
2791,52938002,45.016290000000005,7.7412600000000005
2803,52311003,45.03335,7.69089
2804,52382003,45.054829999999995,7.69533
2805,52407003,45.055240000000005,7.696680000000001
2807,52464003,45.07162,7.69924
2808,52489004,45.039559999999994,7.7018699999999995
2809,52516006,45.10497,7.70223
2810,52525004,45.098490000000005,7.703689999999999
2811,52549003,45.05049,7.70661
2817,52667004,45.07286,7.71325
2818,52677003,45.06505,7.71404
2820,52702002,45.0437,7.71605
2821,52741001,45.05867,7.71903
2827,52950002,45.09319,7.686210000000001
2848,53832002,45.036120000000004,7.6732
2849,53840002,45.08717,7.69336
2904,53719002,45.020340000000004,7.704560000000001
2906,53755001,45.07508,7.6238399999999995
2907,53832003,45.03633,7.673489999999999
2933,52574003,45.0954,7.70765
2934,52581003,45.02942,7.70945
2936,52602003,45.05338,7.709969999999999
2940,52708002,45.06071,7.716289999999999
2942,52770001,45.074290000000005,7.721430000000001
2943,52788001,45.075379999999996,7.723160000000001
2945,52822001,45.07042,7.72663
2946,52833001,45.07022,7.72836
2948,52857001,45.07542,7.73035
2978,53674005,45.06147,7.67943
2979,53713001,45.01061,7.69672
2981,53833001,45.036429999999996,7.6751
2999,52555003,45.09353,7.706180000000001
3000,52563004,45.07108,7.70758
3002,52617004,45.07261,7.710380000000001
3005,52650003,45.06406,7.71248
3006,52660003,45.0519,7.71333
3007,52663004,45.07745,7.71283
3010,52727003,45.093959999999996,7.71658
3011,52730002,45.04815,7.71815
3012,52741002,45.058820000000004,7.7191
3013,52766002,45.02363,7.7224699999999995
3015,52803001,45.10113,7.72457
3016,52804002,45.10693,7.72455
3017,52861001,45.07526,7.730760000000001
3018,52883002,45.07862,7.7321
3022,52913001,45.09749,7.7363800000000005
3023,52927002,45.10543,7.6471
3054,53720002,45.01631,7.705439999999999
3056,53752002,45.07618,7.591069999999999
3057,53752008,45.07585,7.5915
3058,53767001,45.06651,7.67168
3060,53826001,45.01858,7.65671
3065,53704002,45.065220000000004,7.69155
3089,54564003,45.0707,7.68688
3090,54601002,45.05324,7.64572
3092,54662001,45.072590000000005,7.57949
3112,53640003,45.004259999999995,7.66144
3129,52625003,45.06488,7.7107600000000005
3130,52635004,45.03627,7.71207
3132,52749001,45.05715,7.72049
3134,52829002,45.09982,7.72733
3136,52879001,45.10035,7.731510000000001
3138,52906001,45.07888,7.73613
3189,53716002,45.01181,7.70136
3190,53721001,45.02109,7.705760000000001
3192,53795001,45.06373,7.55629
3225,53715002,45.06665,7.69742
3226,53794001,45.066959999999995,7.55536
3227,53823001,45.0177,7.6512899999999995
3228,53833002,45.03637,7.675210000000001
3286,53716001,45.01145,7.70138
3288,53841001,45.0631,7.69557
3293,52428002,45.06733,7.6977
3294,52494004,45.070640000000004,7.7022699999999995
3295,52506011,45.04323,7.6342300000000005
3296,52517004,45.09361,7.7026699999999995
3297,52538005,45.07445,7.70522
3298,52561003,45.06243,7.70736
3299,52563005,45.07192,7.7074300000000004
3300,52609003,45.08885,7.709410000000001
3302,52617003,45.072379999999995,7.71022
3303,52626002,45.04699,7.71126
3304,52646005,45.09693,7.6970600000000005
3306,52658003,45.0909,7.71231
3307,52673003,45.04033,7.71425
3308,52674003,45.07312,7.71362
3309,52724002,45.07687,7.717160000000001
3311,52806001,45.101000000000006,7.72472
3313,52840002,45.05178,7.729410000000001
3314,52847002,45.02277,7.677060000000001
3315,52851001,45.10411,7.729189999999999
3316,52853001,45.02131,7.7313
3317,52884001,45.06584,7.732539999999999
3319,52905001,45.012,7.73727
3327,51600006,45.092,7.65458
3328,51610008,45.017590000000006,7.65676
3330,51663008,45.08576,7.65676
3333,51754003,45.10069,7.660419999999999
3335,51791007,45.01789,7.6635800000000005
3336,51808003,45.01716,7.66431
3339,51880004,45.0544,7.6663
3340,51882006,45.06917,7.666060000000001
3341,51885004,45.03268,7.6673100000000005
3342,51896004,45.0231,7.6679
3343,51918003,45.10398,7.66717
3344,51932003,45.07425,7.6681
3345,51967005,45.077009999999994,7.6697
3346,51977003,45.059329999999996,7.67041
3347,51994003,45.0436,7.67148
3348,52003002,45.03711,7.671760000000001
3349,52023006,45.09707,7.67144
3350,52046004,45.09553,7.673089999999999
3351,52093003,45.09924,7.6751
3352,52096003,45.079570000000004,7.67528
3353,52134003,45.08099,7.6775199999999995
3354,52153002,45.10049,7.67828
3355,50829017,45.03928,7.62103
3356,50830015,45.080259999999996,7.6202
3357,50858016,45.01767,7.622999999999999
3358,50956011,45.07946,7.627739999999999
3361,50987008,45.10605,7.62838
3362,50990008,45.01988,7.63035
3363,51074007,45.03333,7.6339
3364,51157009,45.10338,7.63555
3365,51190008,45.069179999999996,7.6376
3366,51193015,45.02565,7.638719999999999
3367,51216007,45.0343,7.639660000000001
3369,51218007,45.08252,7.63853
3372,51327009,45.07594,7.64389
3373,51343006,45.03822,7.645519999999999
3375,51397009,45.080870000000004,7.64655
3376,51427007,45.01318,7.64912
3377,51434009,45.044259999999994,7.64858
3378,51511005,45.087109999999996,7.650339999999999
3380,51527007,45.072559999999996,7.65155
3381,51587007,45.10924,7.6534699999999996
3382,51589007,45.02395,7.655460000000001
3384,51719005,45.08931,7.65906
3386,51785009,45.01704,7.6634
3387,51789004,45.053940000000004,7.66298
3388,51798004,45.02836,7.67219
3389,51806008,45.09142,7.662730000000001
3390,51832005,45.10179,7.66325
3392,51859006,45.10478,7.66415
3393,51900004,45.108109999999996,7.66637
3394,51906003,45.08234,7.666360000000001
3395,51916003,45.030440000000006,7.6688600000000005
3396,51918004,45.10417,7.66723
3397,51919003,45.02632,7.669010000000001
3398,51945002,45.0321,7.6695
3400,51972003,45.03481,7.6706199999999995
3401,52004002,45.0608,7.67152
3402,52024003,45.10496,7.67121
3403,52034003,45.06859,7.67265
3404,52094002,45.06678,7.6760399999999995
3405,52116002,45.06472,7.677160000000001
3407,52155002,45.01676,7.6802600000000005
3408,52206003,45.07049,7.68135
3409,52254003,45.07062,7.685039999999999
3411,52296005,45.08854,7.68818
3412,52309007,45.09077,7.68905
3413,52315003,45.04808,7.6908
3415,52360004,45.07078,7.693630000000001
3416,52363003,45.073840000000004,7.693510000000001
3417,52371003,45.03439,7.69492
3472,53634002,45.004979999999996,7.65793
3475,53715001,45.06726,7.69716
3477,53752011,45.07605,7.59139
3478,53793001,45.06432,7.5526800000000005
3479,53800001,45.094570000000004,7.5749699999999995
3480,53825001,45.08579,7.6551100000000005
3504,53564001,45.02496,7.5918
3519,51967006,45.07707,7.66947
3520,51978004,45.08055,7.7309399999999995
3521,52075003,45.0995,7.67453
3522,52105005,45.05762,7.6772
3523,52106002,45.06858,7.6764
3524,52148002,45.10695,7.67725
3525,52151002,45.076840000000004,7.6788
3526,52159004,45.07805,7.679130000000001
3527,52168002,45.04844,7.6799
3529,52227003,45.057990000000004,7.683
3530,52243003,45.07743,7.68411
3531,52307006,45.02163,7.62012
3532,52365002,45.07517,7.69315
3533,52374003,45.06452,7.6957699999999996
3534,52384004,45.07489,7.69486
3535,52413002,45.03406,7.69753
3536,52431002,45.09706,7.69694
3537,52487003,45.07744,7.70045
3538,52508003,45.07761,7.7020800000000005
3539,52511004,45.07078,7.6562399999999995
3541,52530003,45.09673,7.704160000000001
3542,52532003,45.053329999999995,7.705360000000001
3543,52551003,45.06941,7.705939999999999
3545,52624005,45.089040000000004,7.7103600000000005
3546,52631003,45.094159999999995,7.71064
3547,52634003,45.097840000000005,7.711530000000001
3560,54674001,45.02832,7.6118
3564,54746001,45.06607,7.685
3582,55281001,45.0731,7.54006
3604,56616001,45.06341,7.56965
3607,56687003,45.07275,7.667789999999999
3611,56859001,45.06597,7.578360000000001
3619,52691002,45.02565,7.71577
3621,52696002,45.047290000000004,7.71559
3623,52780001,45.05429,7.723039999999999
3625,52791001,45.05583,7.724469999999999
3626,52837001,45.05357,7.729239999999999
3627,52864001,45.10035,7.73031
3663,54565002,45.096109999999996,7.6882
3664,54567002,45.09827,7.689780000000001
3714,54644001,45.00557,7.54149
3715,54647002,45.00544,7.54493
3716,54661001,45.06856,7.57868
3728,55058001,45.07451,7.7011199999999995
3737,55277001,45.070840000000004,7.53915
3738,55287001,45.07031,7.54345
3744,55571001,45.06926,7.684
3746,55681002,45.06519,7.608439999999999
3757,53708001,45.00835,7.69389
3760,53762001,45.08021,7.62701
3787,54494003,45.06762,7.654789999999999
3795,54708001,45.028929999999995,7.641839999999999
3796,54725001,45.08583,7.65437
3802,54966001,45.06454,7.588019999999999
3846,54569004,45.1014,7.6929300000000005
3847,54647001,45.00542,7.54511
3848,54664001,45.05773,7.58703
3851,52268004,45.0351,7.687460000000001
3853,52276003,45.07631,7.68698
3854,52303004,45.09625,7.688860000000001
3855,52317003,45.03366,7.6912
3856,52391004,45.08256,7.69596
3857,52454003,45.05382,7.69918
3858,52478002,45.09618,7.69955
3859,52517003,45.09388,7.70269
3863,52592003,45.06675,7.70903
3864,52699002,45.04395,7.715910000000001
3865,52721001,45.09536,7.716489999999999
3867,52744001,45.095909999999996,7.71842
3868,52747001,45.09652,7.71893
3869,52754001,45.05285,7.72083
3870,52757001,45.066720000000004,7.72134
3871,52797002,45.07481,7.724530000000001
3872,52808001,45.038309999999996,7.72613
3873,52839001,45.072990000000004,7.7289
3874,52842001,45.108270000000005,7.7284
3875,52870002,45.01207,7.73263
3876,52880001,45.08497,7.73198
3877,52903001,45.01287,7.736910000000001
3878,52942001,45.07163,7.74062
3929,54566002,45.09579,7.68825
3935,54758001,45.09656,7.70012
3949,52031002,45.082229999999996,7.67267
3951,52099003,45.0426,7.6767199999999995
3952,52137003,45.064009999999996,7.67842
3953,52163004,45.06462,7.65999
3954,52164002,45.06755,7.67915
3955,52191002,45.03733,7.68128
3957,52214003,45.04094,7.6824699999999995
3958,52256004,45.064479999999996,7.66029
3959,52274005,45.063759999999995,7.686960000000001
3960,52334003,45.060359999999996,7.69205
3961,52356003,45.09814,7.692830000000001
3962,52356004,45.098040000000005,7.69258
3963,52371004,45.03452,7.694839999999999
3964,52380003,45.05935,7.6948
3966,52400005,45.05539,7.6963
3967,52417003,45.05361,7.69724
3968,52426003,45.03556,7.69831
3969,52439002,45.07645,7.6980699999999995
3973,52490003,45.084720000000004,7.700760000000001
3974,52523004,45.06017,7.704289999999999
3975,52545004,45.10114,7.7053
3977,52568004,45.071999999999996,7.70799
3978,52622003,45.06769,7.710489999999999
3980,52697003,45.02558,7.716139999999999
3981,52568005,45.07229,7.7081800000000005
3982,52604002,45.02727,7.71073
3983,52610003,45.09687,7.70935
3984,52612003,45.07816,7.70984
3986,52623003,45.06394,7.71082
3987,52661003,45.06775,7.712339999999999
3989,52680004,45.09668,7.71351
3991,52735001,45.05196,7.71842
3993,52780002,45.05417,7.72297
3994,52868002,45.084559999999996,7.731
3995,52870001,45.01218,7.73291
3997,52941001,45.10137,7.73995
4030,54569003,45.10133,7.69265
4033,54598002,45.103359999999995,7.66215
4034,54643001,45.005590000000005,7.540939999999999
4035,54656001,45.10341,7.5473
4036,54657001,45.09714,7.5541
4049,57263001,45.01119,7.63351
4056,57466001,45.00918,7.671130000000001
4059,55280001,45.0628,7.5403
4060,55295001,45.07261,7.551889999999999
4074,55577001,45.060759999999995,7.69079
4122,54650002,45.00796,7.54673
4176,56669004,45.076879999999996,7.66927
4182,56894001,45.03582,7.59541
4183,56966001,45.07346,7.619039999999999
4184,56995001,45.03488,7.680339999999999
4187,57060001,45.05672,7.5788199999999994
4188,57060002,45.05659,7.578880000000001
4191,57194001,45.06156,7.658289999999999
4201,54726001,45.02534,7.656619999999999
4202,54728001,45.065459999999995,7.65627
4204,54735001,45.06752,7.658530000000001
4205,54764001,45.08786,7.70782
4240,55559002,45.07674,7.6704300000000005
4263,54750002,45.10606,7.654160000000001
4264,54755001,45.0725,7.695539999999999
4288,55285001,45.07801,7.54243
4296,54665001,45.06116,7.587910000000001
4297,54672001,45.03291,7.604019999999999
4299,54756001,45.070479999999996,7.697489999999999
4329,51612006,45.02628,7.65665
4333,51703005,45.05775,7.65935
4334,51720006,45.0696,7.659889999999999
4335,51848004,45.05057,7.665089999999999
4336,51856007,45.0765,7.6644
4339,51894004,45.06793,7.666760000000001
4340,51929002,45.0204,7.6695199999999994
4341,51930002,45.10091,7.667660000000001
4342,51942003,45.01165,7.67006
4343,51954003,45.07125,7.669289999999999
4344,51996004,45.0339,7.6721699999999995
4345,52044004,45.0421,7.6744699999999995
4346,52065005,45.08482,7.674519999999999
4347,52069002,45.06412,7.674869999999999
4348,52079002,45.095259999999996,7.67475
4349,52113003,45.06864,7.67643
4350,52129003,45.01961,7.67881
4351,52174003,45.08449,7.679930000000001
4352,52181003,45.06315,7.679939999999999
4353,52232003,45.07607,7.683039999999999
4354,52238003,45.07195,7.68383
4355,52245004,45.08416,7.6839699999999995
4356,52251003,45.06053,7.68518
4357,52258003,45.05643,7.68605
4358,52267003,45.076209999999996,7.6863600000000005
4359,52275004,45.081759999999996,7.68687
4411,55584001,45.062,7.69388
4413,55667001,45.0685,7.6037300000000005
4434,54563002,45.09281,7.6861
4435,54568002,45.09858,7.69027
4437,54650001,45.00806,7.546989999999999
4438,54651003,45.07956,7.65278
4440,54760001,45.06994,7.70522
4484,53674006,45.06157,7.679819999999999
4485,53696001,45.0042,7.6903
4488,53724001,45.02066,7.7065600000000005
4491,53797001,45.06479,7.5598
4492,53799001,45.09169,7.573189999999999
4496,56681001,45.10535,7.66772
4502,56967001,45.077909999999996,7.62126
4515,57866005,45.03768,7.66933
4516,57869003,45.04163,7.67255
4517,57869007,45.0423,7.671119999999999
4518,57900001,45.08102,7.73033
4519,52375002,45.05025,7.694839999999999
4521,52415003,45.077729999999995,7.63687
4522,52421002,45.05014,7.6976
4523,52427003,45.066590000000005,7.69793
4525,52469005,45.03644,7.700360000000001
4526,52512004,45.0958,7.702160000000001
4527,52518003,45.07094,7.7035800000000005
4528,52540002,45.108709999999995,7.70452
4529,52549004,45.050470000000004,7.70642
4530,52553005,45.05247,7.70671
4531,52655005,45.04448,7.71323
4532,52682003,45.08413,7.71398
4535,52698004,45.09433,7.71478
4536,52701002,45.0949,7.71485
4537,52710002,45.06325,7.68566
4539,52745001,45.0665,7.7194899999999995
4540,52762001,45.05822,7.7215300000000004
4541,52822002,45.0703,7.7267600000000005
4543,52849002,45.101659999999995,7.7294
4544,52883001,45.07848,7.73235
4547,52912001,45.01896,7.73808
4548,52923001,45.08858,7.73767
4582,56801001,45.090309999999995,7.671189999999999
4587,57257001,45.106429999999996,7.63801
4589,57265002,45.07504,7.69917
4599,52263003,45.074259999999995,7.685289999999999
4600,52271003,45.06346,7.68697
4602,52300003,45.05922,7.6889899999999995
4603,52303003,45.09643,7.68918
4604,52313006,45.06824,7.690239999999999
4605,52320003,45.06808,7.690519999999999
4606,52358003,45.08378,7.6931
4607,52402004,45.08784,7.69607
4608,52425003,45.08286,7.69773
4610,52466003,45.05399,7.69957
4611,52468003,45.096140000000005,7.69878
4612,52472004,45.101240000000004,7.6994
4613,52479004,45.01336,7.66419
4615,52545003,45.100970000000004,7.70516
4616,52582004,45.10357,7.651619999999999
4617,52595002,45.0392,7.709860000000001
4618,52596003,45.06674,7.709789999999999
4619,52620004,45.06516,7.7105
4620,52644004,45.10369,7.650939999999999
4621,52743001,45.0691,7.719130000000001
4622,52748001,45.07632,7.7199
4627,52852002,45.10094,7.729419999999999
4628,52876001,45.08082,7.73158
4633,55291001,45.08688,7.5491
4641,55559001,45.07674,7.67029
4642,55583001,45.07233,7.68998
4668,56717002,45.06759,7.58511
4678,57066001,45.01181,7.62936
4681,57258001,45.10212,7.68465
4684,57364001,45.06191,7.680969999999999
4690,57796001,45.0231,7.6227800000000006
4698,55562001,45.07571,7.67555
4727,56581002,45.06261,7.679810000000001
4748,55282001,45.06739,7.54212
4749,55283001,45.051790000000004,7.54255
4750,55290001,45.07455,7.548089999999999
4763,51315006,45.0426,7.6442
4764,51349007,45.08093,7.64463
4765,51362006,45.05981,7.645569999999999
4767,51390007,45.07115,7.6465
4768,51422008,45.034290000000006,7.6483300000000005
4769,51428004,45.0648,7.647880000000001
4770,51442008,45.04998,7.64871
4771,51464006,45.07586,7.64916
4772,51470011,45.07092,7.6493199999999995
4773,51471009,45.055040000000005,7.649839999999999
4774,51472007,45.009609999999995,7.650860000000001
4775,51476008,45.05383,7.65004
4776,51481006,45.02194,7.65061
4778,51535007,45.06365,7.652360000000001
4779,51538007,45.05928,7.65257
4780,51542011,45.087720000000004,7.65132
4781,51612005,45.02623,7.65655
4782,51634007,45.08529,7.65613
4785,51694005,45.05849,7.658980000000001
4788,51717007,45.02239,7.660939999999999
4790,51812006,45.10373,7.66207
4791,51821004,45.106609999999996,7.66281
4792,51851006,45.06681,7.68043
4821,56786001,45.07336,7.66655
4822,56893001,45.03689,7.5945
4823,56899001,45.03557,7.60175
4830,57057001,45.05198,7.67507
4831,57059003,45.06987,7.66477
4832,57072001,45.07178,7.66478
4834,57209001,45.075990000000004,7.614610000000001
4844,57879001,45.01997,7.63253
4849,56734001,45.04694,7.5816
4852,56796001,45.06154,7.63858
4858,56981001,45.041779999999996,7.6708300000000005
4859,56992001,45.0726,7.7288
4861,57068001,45.01145,7.63288
4862,57071001,45.06947,7.66477
4864,57124001,45.01773,7.65055
4870,57264001,45.07394,7.69557
4880,56662003,45.06727,7.6662300000000005
4881,56663002,45.06418,7.67363
4882,56668001,45.07628,7.669510000000001
4885,56895001,45.033409999999996,7.59565
4889,56983001,45.08578,7.686789999999999
4894,57114001,45.01941,7.61176
4904,57332002,45.02029,7.57872
4911,52689003,45.10876,7.71382
4912,52717001,45.06855,7.71692
4913,52737003,45.082370000000004,7.7069
4915,52785001,45.06966,7.72305
4916,52840001,45.05202,7.72938
4920,52915002,45.0785,7.73725
4922,52932001,45.0889,7.73885
4923,52933001,45.07629,7.73917
4924,52937001,45.10151,7.73987
4927,52984003,45.088029999999996,7.69035
4943,54685001,45.03503,7.626239999999999
4947,54729001,45.07307,7.65698
4977,52700002,45.062329999999996,7.71546
4978,52700003,45.06236,7.7157
4979,52707001,45.04959,7.716260000000001
4982,52738001,45.10634,7.717560000000001
4983,52809001,45.02162,7.72669
4984,52826001,45.05288,7.72797
4985,52915001,45.07839,7.73718
4986,52930001,45.07639,7.7388
4987,52938001,45.016259999999996,7.74154
5015,57073001,45.08802,7.698180000000001
5016,57074001,45.086490000000005,7.69952
5018,57199001,45.0273,7.667560000000001
5025,57454001,45.05635,7.6546899999999996
5026,57466002,45.00926,7.67144
5027,57789002,45.073570000000004,7.6942
5028,57802001,45.06828,7.60089
5032,57864003,45.02418,7.63687
5033,57869004,45.04231,7.67179
5034,56663005,45.064859999999996,7.67415
5035,56669001,45.07645,7.66903
5037,56735001,45.04716,7.58184
5038,56780002,45.06242,7.68607
5039,56783001,45.08283,7.741639999999999
5041,56858001,45.06628,7.578289999999999
5048,57088001,45.018159999999995,7.621410000000001
5049,57125001,45.07342,7.67196
5050,57190001,45.039390000000004,7.65232
5051,57211001,45.10836,7.54127
5055,57459001,45.0043,7.662139999999999
5056,57596001,45.00649,7.66945
5058,56663007,45.06451,7.67402
5062,56682001,45.06863,7.677389999999999
5063,56690001,45.082409999999996,7.6146899999999995
5064,56691001,45.085159999999995,7.61578
5073,56985001,45.10735,7.726030000000001
5079,57181001,45.05102,7.60866
5083,57259001,45.07354,7.6689
5084,57265001,45.074940000000005,7.6993
5085,57271001,45.07053,7.6769
5095,53562001,45.08627,7.733280000000001
5097,53634001,45.0051,7.65791
5104,53792001,45.06753,7.552289999999999
5105,53796001,45.0664,7.55885
5106,53828002,45.03504,7.6577
5144,53569001,45.0809,7.732
5147,53719001,45.02023,7.70437
5149,53759001,45.078359999999996,7.625769999999999
5168,56663003,45.06423,7.673960000000001
5170,56801002,45.09036,7.67143
5173,56898001,45.03575,7.59969
5176,57065001,45.01231,7.628830000000001
5180,57200001,45.085679999999996,7.7125
5192,57893001,45.03053,7.615489999999999
5195,57864002,45.024190000000004,7.63696
5196,57947001,45.05101,7.608460000000001
5197,52291004,45.08234,7.68756
5198,52339004,45.060340000000004,7.692189999999999
5199,52347004,45.06667,7.6928399999999995
5200,52353003,45.07967,7.692810000000001
5201,52359003,45.085570000000004,7.69302
5202,52373003,45.07336,7.69402
5203,52384003,45.07505,7.69515
5204,52388003,45.05665,7.69557
5205,52432002,45.09402,7.697430000000001
5206,52434002,45.062740000000005,7.69821
5207,52443003,45.05894,7.69855
5208,52489005,45.039629999999995,7.7016800000000005
5209,52505003,45.080220000000004,7.702030000000001
5210,52627002,45.04757,7.711360000000001
5211,52635003,45.03634,7.712219999999999
5212,52688004,45.04213,7.71552
5213,52705001,45.09572,7.71502
5215,52725001,45.06599,7.717289999999999
5216,52726001,45.0663,7.71731
5220,52770002,45.07444,7.7216
5221,52790001,45.06989,7.7233
5223,52850002,45.07555,7.7297899999999995
5224,52899001,45.02029,7.73545
5225,52902001,45.01983,7.73637
5231,55279001,45.065259999999995,7.5402
5232,55291002,45.086890000000004,7.54942
5257,56688001,45.090740000000004,7.705139999999999
5259,56745001,45.02394,7.63645
5280,53570001,45.02491,7.59201
5324,54705001,45.03054,7.63934
5332,57370001,45.06557,7.686839999999999
5337,57838001,45.075790000000005,7.686910000000001
5338,57880004,45.065129999999996,7.6639800000000005
5339,57948001,45.07515,7.59552
5364,53720001,45.0161,7.70558
5367,53731001,45.02456,7.711760000000001
5372,53820001,45.10642,7.639010000000001
5402,53713002,45.01052,7.697080000000001
5404,53751001,45.07782,7.57229
5406,57787001,45.07427,7.66828
5408,57844001,45.10438,7.70167
5409,57845001,45.04305,7.7213
5410,57847001,45.04688,7.722339999999999
5412,57885001,45.07933,7.67548
5414,51857005,45.07294,7.66476
5415,51859007,45.10478,7.663989999999999
5416,51906002,45.082359999999994,7.666939999999999
5417,51913003,45.05742,7.66798
5419,51934003,45.08538,7.66867
5420,51948002,45.062940000000005,7.6692
5421,51950004,45.073479999999996,7.667860000000001
5423,51997002,45.04242,7.671310000000001
5424,52004003,45.06094,7.6713
5425,52021004,45.05545,7.5862300000000005
5426,52072002,45.025729999999996,7.676069999999999
5427,52077002,45.07893,7.67507
5428,52077003,45.0789,7.67479
5429,52081006,45.07117,7.67558
5430,52083002,45.02598,7.67645
5431,52127002,45.10465,7.67657
5432,52136002,45.08952,7.677980000000001
5433,52162002,45.09472,7.67877
5434,52177002,45.071509999999996,7.6799
5435,52199002,45.0142,7.682360000000001
5436,52213005,45.06973,7.682110000000001
5437,52224004,45.04103,7.68332
5438,52244005,45.00914,7.68562
5439,52259004,45.08013,7.68585
5440,52313005,45.06824,7.689989999999999
5441,52357003,45.05738,7.6936100000000005
5442,52366003,45.043620000000004,7.6944300000000005
5443,52368003,45.0901,7.69336
5444,52393004,45.09272,7.6953
5476,54659001,45.05141,7.576510000000001
5478,54706001,45.03038,7.64076
5500,53566001,45.014590000000005,7.6193800000000005
5505,53819001,45.10702,7.638789999999999
5506,53821001,45.106120000000004,7.6444600000000005
5528,54402002,45.10345,7.664039999999999
5538,54745002,45.064659999999996,7.68503
5546,52405004,45.10658,7.69548
5547,52469006,45.036429999999996,7.700019999999999
5548,52476002,45.06919,7.70005
5549,52491003,45.0932,7.7006
5550,52494003,45.07077,7.70155
5551,52496003,45.03798,7.702389999999999
5552,52501007,45.0222,7.6459399999999995
5553,52525003,45.09855,7.70337
5554,52534003,45.10844,7.70432
5555,52551002,45.06907,7.70633
5556,52552003,45.069379999999995,7.7068
5557,52580004,45.04804,7.70903
5559,52655004,45.04442,7.7131300000000005
5560,52657004,45.0956,7.71208
5561,52727001,45.09408,7.716760000000001
5563,52734003,45.073859999999996,7.71802
5567,52878001,45.0869,7.73152
5568,52893001,45.08614,7.73327
5577,55558001,45.071690000000004,7.6663
5598,56897001,45.03303,7.59855
5599,56991001,45.10665,7.72313
5603,57123001,45.01362,7.6237
5610,57348001,45.10046,7.553839999999999
5619,53702001,45.007659999999994,7.6925300000000005
5620,53709001,45.06212,7.693569999999999
5662,54557002,45.0762,7.61429
5665,54597002,45.10835,7.661810000000001
5669,54660001,45.05212,7.577319999999999
5670,54664002,45.05778,7.587160000000001
5673,54734001,45.07497,7.658360000000001
5678,52984002,45.088159999999995,7.690230000000001
5683,53087003,45.02782,7.643839999999999
5703,53700002,45.00667,7.69154
5707,53763001,45.08003,7.627789999999999
5708,53815001,45.01504,7.632219999999999
5723,54665002,45.06284,7.58794
5770,54649001,45.10498,7.543889999999999
5771,54655001,45.10778,7.54622
5776,56885001,45.10455,7.73315
5778,56972001,45.10635,7.65084
5779,56982001,45.047940000000004,7.676069999999999
5783,57126001,45.07755,7.672039999999999
5791,57454002,45.05622,7.6550199999999995
5822,55574001,45.0613,7.688160000000001
5827,53820002,45.1063,7.6387
5828,53838001,45.06221,7.68135
5875,56208002,45.06689,7.68277
5887,56965001,45.04179,7.59288
5910,55276001,45.07156,7.5391
5911,55284001,45.076809999999995,7.542110000000001
5912,55296001,45.095459999999996,7.56652
5953,56892001,45.07178,7.55635
5956,56998001,45.07847,7.71068
5958,57061001,45.05618,7.581339999999999
5959,57062003,45.10431,7.555060000000001
5961,54747001,45.064890000000005,7.688269999999999
5970,54970001,45.10948,7.64549
5977,55073001,45.00991,7.741280000000001
5992,55560003,45.07588,7.6718
5995,53839001,45.072359999999996,7.69216
6050,53752001,45.076159999999994,7.59123
6051,53790001,45.0659,7.55112
6052,53832001,45.036229999999996,7.67324
6061,53815002,45.01487,7.632339999999999
6062,53831001,45.036609999999996,7.67201
6113,54561002,45.09005,7.684239999999999
6116,54599002,45.103609999999996,7.6626199999999995
6151,56644002,45.10264,7.5532699999999995
6153,56676001,45.075990000000004,7.591360000000001
6154,56688002,45.09083,7.70534
6155,56718002,45.071979999999996,7.58495
6171,57061002,45.05603,7.58143
6172,57077001,45.089529999999996,7.702039999999999
6177,57339001,45.0838,7.6308300000000004
6181,57800001,45.06845,7.600569999999999
6182,57817001,45.049620000000004,7.615539999999999
6185,57837001,45.0755,7.68682
6186,57871004,45.0514,7.67466
6187,57884001,45.07922,7.67525
6188,57896001,45.02598,7.62724
6189,57897001,45.024229999999996,7.63175
6197,57797001,45.022859999999994,7.622789999999999
6198,57878002,45.06565,7.67674
6199,57879002,45.02004,7.63223
6211,55294001,45.09023,7.55077
6227,55558003,45.0716,7.66625
6228,55568001,45.06811,7.683660000000001
6230,55578001,45.06105,7.69195
6234,54727001,45.06559,7.65572
6235,54753001,45.06964,7.692810000000001
6236,54754001,45.068940000000005,7.694710000000001
6261,55292001,45.07411,7.549580000000001
6267,55556002,45.09285,7.6764399999999995
6275,55293001,45.07665,7.55054
6333,55289001,45.07438,7.545719999999999
6337,57111001,45.083,7.5825
6344,57256001,45.10282,7.637739999999999
6353,57835001,45.059909999999995,7.54016
6354,57868001,45.06422,7.71165
6355,57879003,45.01923,7.6313
6356,57881001,45.0667,7.69234
6358,57899001,45.0431,7.670789999999999
6360,57903001,45.091159999999995,7.670389999999999
6368,54663003,45.10816,7.55313
6369,54681002,45.04538,7.618530000000001
6395,57077002,45.089420000000004,7.70215
6405,57333001,45.1028,7.63848
6406,57455001,45.053540000000005,7.65515
6407,57456001,45.059090000000005,7.65655
6408,57590001,45.07393,7.70535
6409,57791001,45.07454,7.62138
6410,57801001,45.06847,7.60082
6412,57836001,45.059779999999996,7.53983
6414,57869008,45.042159999999996,7.6710199999999995
6415,57882002,45.0671,7.69313
6435,56798001,45.08254,7.66977
6436,56802002,45.089909999999996,7.67575
6439,56900001,45.032059999999994,7.604010000000001
6440,56988001,45.089909999999996,7.6769
6441,56993001,45.06098,7.739339999999999
6443,57037001,45.0909,7.6613
6455,55563001,45.07592,7.67667
6456,55565001,45.07508,7.67916
6457,55579001,45.063390000000005,7.69297
6478,56697002,45.067859999999996,7.662610000000001
6480,56717001,45.06758,7.58493
6500,55297002,45.1054,7.71915
6514,55564001,45.074659999999994,7.67855
6517,54494002,45.06766,7.65503
6527,54765001,45.08597,7.70925
6550,55576001,45.06223,7.68875
6551,55580001,45.06487,7.69486
6574,56671003,45.102,7.651
6576,56687004,45.07282,7.667560000000001
6586,56697001,45.06788,7.6623399999999995
6592,56962001,45.05008,7.681719999999999
6593,56979001,45.07029,7.64382
6594,56989001,45.05381,7.7016800000000005
6595,56997001,45.06434,7.701230000000001
6598,57070002,45.04237,7.6444600000000005
6600,57191001,45.03948,7.652810000000001
6605,57352001,45.07842,7.626760000000001
6606,57367001,45.07839,7.57405
6608,57595001,45.006840000000004,7.66909
6609,57790001,45.07458,7.621989999999999
6610,57818001,45.04998,7.6157
6612,57846001,45.04193,7.7224699999999995
6613,57880002,45.064840000000004,7.66455
6614,57897002,45.024190000000004,7.631469999999999
6639,56687001,45.07282,7.66759
6641,56718001,45.07213,7.585089999999999
6642,56742002,45.09959,7.68526
6643,56797001,45.06119,7.639810000000001
6644,56799002,45.0781,7.66909
6645,56800001,45.08227,7.67028
6657,56964001,45.10456,7.7337
6660,57075001,45.08815,7.69862
6675,57864004,45.0239,7.63623
6676,57866001,45.03776,7.66931
6677,57878001,45.065529999999995,7.6772100000000005
6678,57895002,45.02929,7.6183
6679,57896002,45.02597,7.62684
6680,57915001,45.00646,7.6010800000000005
6688,55582001,45.07445,7.689
6704,56157003,45.0649,7.68052
6711,56742003,45.09962,7.68496
6717,57264002,45.07382,7.695639999999999
6741,56019001,45.10253,7.6612800000000005
6742,56020001,45.10233,7.6620800000000004
6746,56663004,45.064859999999996,7.67432
6750,56740001,45.06577,7.5644100000000005
6756,56942001,45.08421,7.6207
6758,57064001,45.01285,7.62547
6760,57112001,45.03228,7.59888
6761,57198001,45.02673,7.6653899999999995
6767,57340001,45.08205,7.6333899999999995
6768,57348002,45.10021,7.553789999999999
6776,56984001,45.07835,7.70092
6779,57039001,45.06103,7.69298
6781,57069001,45.01983,7.6045
6783,57113001,45.06406,7.60813
6785,57127001,45.075540000000004,7.67335
6794,57322001,45.004220000000004,7.65981
6796,57788002,45.07251,7.69318
6798,57844003,45.10411,7.701460000000001
6799,57949001,45.09865,7.686210000000001
6801,56896001,45.03698,7.59692
6802,56902001,45.03337,7.6124
6806,56980001,45.10458,7.6459600000000005
6807,57076001,45.08511,7.70051
6809,57115001,45.06119,7.6455
6810,57192001,45.06904,7.6808
6823,57864001,45.02413,7.636760000000001
6824,57872003,45.05713,7.676939999999999
6825,57882001,45.06714,7.69344
6826,57898001,45.02321,7.63433
6830,56978001,45.06778,7.68721
6831,57036001,45.09836,7.69753
6832,57038001,45.07164,7.69255
6844,57351001,45.075390000000006,7.6249
6845,57368001,45.0688,7.69078
6846,57788003,45.07308,7.69382
6848,57880001,45.065129999999996,7.6645199999999996
6849,57880003,45.065020000000004,7.66415
6850,57889001,45.06572,7.612760000000001
6852,51504005,45.08538,7.65008
6854,51560008,45.02769,7.6543
6855,51582006,45.095209999999994,7.6535899999999994
6856,51604010,45.10468,7.65435
6857,51613008,45.09126,7.65521
6858,51625006,45.075,7.65602
6859,51628006,45.08508,7.6555100000000005
6860,51642004,45.05713,7.65695
6861,51698006,45.097429999999996,7.6581
6863,51720009,45.070009999999996,7.660080000000001
6865,51748007,45.10007,7.660139999999999
6866,51773003,45.10357,7.66092
6867,51786005,45.1034,7.6614
6868,51787004,45.02282,7.663539999999999
6869,51799004,45.08125,7.66245
6870,51825004,45.10365,7.6628300000000005
6873,51888005,45.06771,7.666460000000001
6874,51909003,45.1019,7.66677
6875,51921007,45.07008,7.66402
6876,51933003,45.00671,7.66993
6877,51938003,45.07427,7.6684399999999995
6878,51947003,45.01233,7.67017
6879,51982003,45.05537,7.670889999999999
6880,52115003,45.074009999999994,7.6769300000000005
6881,52129004,45.01976,7.6785
6882,52139012,45.091440000000006,7.677969999999999
6883,52142005,45.032379999999996,7.67905
6885,52189004,45.09881,7.67985
6886,52200003,45.09855,7.680460000000001
6887,52248003,45.05996,7.6845
6888,52272003,45.10941,7.686
6889,52312010,45.03294,7.69088
6890,52318003,45.10823,7.68952
6891,52370003,45.047340000000005,7.6947600000000005
6892,52376002,45.07074,7.69383
6894,52424003,45.10315,7.6967
6895,52435004,45.08358,7.69768
6896,52437002,45.06575,7.69843
6897,52453002,45.09267,7.69826
6898,52459004,45.063320000000004,7.699319999999999
6899,52486003,45.06201,7.700660000000001
6900,52493003,45.06762,7.70144
6902,52509005,45.104690000000005,7.70138
6903,52546003,45.06628,7.70598
6904,52574004,45.095209999999994,7.7076
6905,52589003,45.10014,7.70805
6906,52669003,45.04744,7.71391
6907,52680003,45.09681,7.71362
6908,52687003,45.10848,7.7138100000000005
6909,52688005,45.04206,7.71519
6910,52797003,45.07499,7.7248399999999995
6911,52819001,45.05475,7.726839999999999
6912,52831001,45.10775,7.72728
6956,53696002,45.00423,7.690110000000001
6957,53700001,45.006679999999996,7.691730000000001
6959,53842001,45.07628,7.7057199999999995
6992,54600002,45.053000000000004,7.6451199999999995
6995,54761001,45.08633,7.7049
7022,55306003,45.035759999999996,7.6258300000000006
7047,56743001,45.07958,7.68836
7057,57063001,45.02427,7.6562600000000005
7058,57087001,45.01789,7.62122
7061,57332001,45.02045,7.579289999999999
7065,57369001,45.06716,7.686260000000001
7066,57446001,45.04578,7.62149
7073,57895001,45.02933,7.61865
7074,57898002,45.02306,7.63445
